{
    "pools": [
        {
            "rolls": {
                "min": 1,
                "max": 1
            },
            "entries": [
                {
                    "type": "item",
                    "weight": 1,
                    "name": "minecraft:netherite_sword",
                    "quality": 1,
                    "functions": [
                        {
                            "function": "set_nbt",
                            "tag": "{display:{Name:'{\"text\":\"Spectral-Scimitar\",\"bold\":true,\"italic\":true}'},HideFlags:1,CustomModelData:666333,schimitar:1b,Enchantments:[{id:\"minecraft:smite\",lvl:5s},{id:\"minecraft:sweeping\",lvl:4s},{id:\"minecraft:unbreaking\",lvl:5s}]}"
                        }
                    ]
                }
            ]
        }
    ]
}