{
    "pools": [
        {
            "rolls": {
                "min": 1,
                "max": 2
            },
            "entries": [
                {
                    "type": "item",
                    "weight": 200,
                    "name": "minecraft:bone",
                    "quality": 1
                },
                {
                    "type": "item",
                    "weight": 75,
                    "name": "minecraft:iron_ingot",
                    "quality": 1
                },
                {
                    "type": "item",
                    "weight": 1,
                    "name": "minecraft:book",
                    "functions": [
                        {
                            "function": "set_nbt",
                            "tag": "{display:{Name:'{\"text\":\"Magic Tome\"}'},HideFlags:1,CustomModelData:234444,tome:1b}"
                        }
                    ]
                },
                {
                    "type": "item",
                    "weight": 1,
                    "name": "minecraft:diamond_sword",
                    "quality": 1,
                    "functions": [
                        {
                            "function": "set_nbt",
                            "tag": "{display:{Name:'{\"text\":\"Elite Skeel Blade\",\"bold\":true,\"italic\":true}'},HideFlags:1,Unbreakable:0b,CustomModelData:555556,skeelblade:1b,Enchantments:[{id:\"minecraft:sharpness\",lvl:3s},{id:\"minecraft:knockback\",lvl:4s},{id:\"minecraft:sweeping\",lvl:3s},{id:\"minecraft:unbreaking\",lvl:4s}]}"
                        }
                    ]
                }
            ]
        }
    ]
}