{
    "pools": [
        {
            "rolls": {
                "min": 1,
                "max": 1
            },
            "entries": [
                {
                    "type": "item",
                    "weight": 3,
                    "name": "minecraft:emerald",
                    "quality": 1
                },
                {
                    "type": "item",
                    "weight": 1,
                    "name": "minecraft:diamond",
                    "quality": 1
                }
            ]
        }
    ]
}