{
    "pools": [
        {
            "rolls": {
                "min": 3,
                "max": 5
            },
            "entries": [
                {
                    "type": "item",
                    "weight": 15,
                    "name": "minecraft:glass_bottle",
                    "quality": 1
                },
                {
                    "type": "item",
                    "weight": 15,
                    "name": "minecraft:glowstone_dust",
                    "quality": 1
                },
                {
                    "type": "item",
                    "weight": 15,
                    "name": "minecraft:redstone",
                    "quality": 1
                },
                {
                    "type": "item",
                    "weight": 15,
                    "name": "minecraft:gunpowder",
                    "quality": 1
                },
                {
                    "type": "item",
                    "weight": 10,
                    "name": "minecraft:red_dye",
                    "quality": 1,
                    "functions": [
                        {
                            "function": "set_nbt",
                            "tag": "{display:{Name:'{\"text\":\"Chaos Essence\"}'},CustomModelData:131313,chaos:1b}"
                        }
                    ]
                },
                {
                    "type": "item",
                    "weight": 10,
                    "name": "minecraft:blue_dye",
                    "quality": 1,
                    "functions": [
                        {
                            "function": "set_nbt",
                            "tag": "{display:{Name:'{\"text\":\"Harmony Essence\"}'},CustomModelData:141414,harmony:1b}"
                        }
                    ]
                },
                {
                    "type": "item",
                    "weight": 10,
                    "name": "minecraft:yellow_dye",
                    "quality": 1,
                    "functions": [
                        {
                            "function": "set_nbt",
                            "tag": "{display:{Name:'{\"text\":\"Lucky Essence\"}'},CustomModelData:151515,lucky:1b}"
                        }
                    ]
                },
                {
                    "type": "item",
                    "weight": 3,
                    "name": "minecraft:book",
                    "functions": [
                        {
                            "function": "set_nbt",
                            "tag": "{display:{Name:'{\"text\":\"Magic Tome\"}'},HideFlags:1,CustomModelData:234444,tome:1b}"
                        }
                    ]
                },
                {
                    "type": "item",
                    "weight": 1,
                    "name": "minecraft:orange_dye",
                    "quality": 1,
                    "functions": [
                        {
                            "function": "set_nbt",
                            "tag": "{display:{Name:'{\"text\":\"Dangerous Orb\"}'},CustomModelData:251515,dangerous_orb:1b}"
                        }
                    ]
                },
                {
                    "type": "item",
                    "weight": 1,
                    "name": "minecraft:red_dye",
                    "quality": 1,
                    "functions": [
                        {
                            "function": "set_nbt",
                            "tag": "{display:{Name:'{\"text\":\"Chaos Orb\"}'},CustomModelData:231313,chaos_orb:1b}"
                        }
                    ]
                },
                {
                    "type": "item",
                    "weight": 1,
                    "name": "minecraft:blue_dye",
                    "quality": 1,
                    "functions": [
                        {
                            "function": "set_nbt",
                            "tag": "{display:{Name:'{\"text\":\"Harmony Orb\"}'},CustomModelData:241414,harmony_orb:1b}"
                        }
                    ]
                },
                {
                    "type": "item",
                    "weight": 1,
                    "name": "minecraft:yellow_dye",
                    "quality": 1,
                    "functions": [
                        {
                            "function": "set_nbt",
                            "tag": "{display:{Name:'{\"text\":\"Lucky Orb\"}'},CustomModelData:251515,lucky_orb:1b}"
                        }
                    ]
                },
                {
                    "type": "item",
                    "weight": 1,
                    "name": "minecraft:item_frame",
                    "quality": 1,
                    "functions": [
                        {
                            "function": "set_nbt",
                            "tag": "{display:{Name:'{\"text\":\"Plate of Wealth\"}'},CustomModelData:222223,EntityTag:{Silent:1b,Tags:[\"wealth\"],Item:{id:\"minecraft:item_frame\",Count:1b,tag:{CustomModelData:222223}},Invulnerable:1b,Invisible:1b,Fixed:1b,Facing:1}}"
                        }
                    ]
                },
                {
                    "type": "item",
                    "weight": 1,
                    "name": "minecraft:item_frame",
                    "quality": 1,
                    "functions": [
                        {
                            "function": "set_nbt",
                            "tag": "{display:{Name:'{\"text\":\"Plate of Wrath\"}'},CustomModelData:222222,EntityTag:{Silent:1b,Tags:[\"wrath\"],Item:{id:\"minecraft:item_frame\",Count:1b,tag:{CustomModelData:222222}},Invulnerable:1b,Invisible:1b,Fixed:1b}}"
                        }
                    ]
                },
                {
                    "type": "item",
                    "weight": 1,
                    "name": "minecraft:stick",
                    "quality": 1,
                    "functions": [
                        {
                            "function": "set_nbt",
                            "tag": "{display:{Name:'{\"text\":\"Unenchanted Staff\"}'},CustomModelData:303030,staff:1b}"
                        }
                    ]
                }
            ]
        }
    ]
}