{
    "pools": [
        {
            "rolls": {
                "min": 1,
                "max": 2
            },
            "entries": [
                {
                    "type": "item",
                    "weight": 150,
                    "name": "minecraft:bone",
                    "quality": 1
                },
                {
                    "type": "item",
                    "weight": 35,
                    "name": "minecraft:iron_ingot",
                    "quality": 1
                },
                {
                    "type": "item",
                    "weight": 1,
                    "name": "minecraft:iron_sword",
                    "quality": 1,
                    "functions": [
                        {
                            "function": "set_nbt",
                            "tag": "{display:{Name:'{\"text\":\"Skeel Blade\",\"bold\":true,\"italic\":true}'},HideFlags:1,Unbreakable:0b,CustomModelData:555555,skeelblade:1b,Enchantments:[{id:\"minecraft:sharpness\",lvl:2s},{id:\"minecraft:knockback\",lvl:3s},{id:\"minecraft:sweeping\",lvl:3s},{id:\"minecraft:unbreaking\",lvl:4s}]}"
                        }
                    ]
                }
            ]
        }
    ]
}