{
    "pools": [
        {
            "rolls": {
                "min": 1,
                "max": 2
            },
            "entries": [
                {
                    "type": "item",
                    "weight": 200,
                    "name": "minecraft:bone",
                    "quality": 1
                },
                {
                    "type": "item",
                    "weight": 75,
                    "name": "minecraft:iron_ingot",
                    "quality": 1
                },
                {
                    "type": "item",
                    "weight": 1,
                    "name": "minecraft:book",
                    "functions": [
                        {
                            "function": "set_nbt",
                            "tag": "{display:{Name:'{\"text\":\"Magic Tome\"}'},HideFlags:1,CustomModelData:234444,tome:1b}"
                        }
                    ]
                },
                {
                    "type": "item",
                    "weight": 1,
                    "name": "minecraft:item_frame",
                    "quality": 1,
                    "functions": [
                        {
                            "function": "set_nbt",
                            "tag": "{display:{Name:'{\"text\":\"Defender Trophy\"}'},CustomModelData:767676,EntityTag:{Silent:1b,Tags:[\"defender\"],Item:{id:\"minecraft:item_frame\",Count:1b,tag:{CustomModelData:767676}},Invulnerable:1b,Invisible:1b,Fixed:1b,Facing:1}}"
                        }
                    ]
                }
            ]
        }
    ]
}