{
    "pools": [
        {
            "rolls": {
                "min": 1,
                "max": 3
            },
            "entries": [
                {
                    "type": "item",
                    "weight": 29,
                    "name": "minecraft:bone",
                    "quality": 1
                },
                {
                    "type": "item",
                    "weight": 29,
                    "name": "minecraft:rotten_flesh",
                    "quality": 2
                },
                {
                    "type": "item",
                    "weight": 23,
                    "name": "minecraft:blue_dye",
                    "quality": 1,
                    "functions": [
                        {
                            "function": "set_nbt",
                            "tag": "{display:{Name:'{\"text\":\"Harmony Essence\"}'},CustomModelData:141414,harmony:1b}"
                        }
                    ]
                },
                {
                    "type": "item",
                    "weight": 12,
                    "name": "minecraft:emerald",
                    "quality": 1
                },
                {
                    "type": "item",
                    "weight": 5,
                    "name": "minecraft:book",
                    "functions": [
                        {
                            "function": "set_nbt",
                            "tag": "{display:{Name:'{\"text\":\"Magic Tome\"}'},HideFlags:1,CustomModelData:234444,tome:1b}"
                        }
                    ]
                },
                {
                    "type": "item",
                    "weight": 1,
                    "name": "minecraft:item_frame",
                    "quality": 1,
                    "functions": [
                        {
                            "function": "set_nbt",
                            "tag": "{display:{Name:'{\"text\":\"Plate of Wealth\"}'},CustomModelData:222223,EntityTag:{Silent:1b,Tags:[\"wealth\"],Item:{id:\"minecraft:item_frame\",Count:1b,tag:{CustomModelData:222223}},Invulnerable:1b,Invisible:1b,Fixed:1b,Facing:1}}"
                        }
                    ]
                },
                {
                    "type": "item",
                    "weight": 1,
                    "name": "minecraft:item_frame",
                    "quality": 1,
                    "functions": [
                        {
                            "function": "set_nbt",
                            "tag": "{display:{Name:'{\"text\":\"Plate of Wrath\"}'},CustomModelData:222222,EntityTag:{Silent:1b,Tags:[\"wrath\"],Item:{id:\"minecraft:item_frame\",Count:1b,tag:{CustomModelData:222222}},Invulnerable:1b,Invisible:1b,Fixed:1b}}"
                        }
                    ]
                }
            ]
        }
    ]
}