{
    "pools": [
        {
            "rolls": {
                "min": 3,
                "max": 5
            },
            "entries": [
                {
                    "type": "item",
                    "weight": 20,
                    "name": "minecraft:leather",
                    "quality": 1
                },
                {
                    "type": "item",
                    "weight": 20,
                    "name": "minecraft:rotten_flesh",
                    "quality": 1
                },
                {
                    "type": "item",
                    "weight": 20,
                    "name": "minecraft:red_dye",
                    "quality": 1,
                    "functions": [
                        {
                            "function": "set_nbt",
                            "tag": "{display:{Name:'{\"text\":\"Chaos Essence\"}'},CustomModelData:131313,chaos:1b}"
                        }
                    ]
                },
                {
                    "type": "item",
                    "weight": 15,
                    "name": "minecraft:golden_apple",
                    "quality": 1
                },
                {
                    "type": "item",
                    "weight": 15,
                    "name": "minecraft:book",
                    "functions": [
                        {
                            "function": "set_nbt",
                            "tag": "{display:{Name:'{\"text\":\"Magic Tome\"}'},HideFlags:1,CustomModelData:234444,tome:1b}"
                        }
                    ]
                },
                {
                    "type": "item",
                    "weight": 5,
                    "name": "minecraft:diamond",
                    "quality": 1
                },
                {
                    "type": "item",
                    "weight": 2,
                    "name": "minecraft:netherite_scrap",
                    "quality": 1
                },
                {
                    "type": "item",
                    "weight": 1,
                    "name": "minecraft:orange_dye",
                    "quality": 1,
                    "functions": [
                        {
                            "function": "set_nbt",
                            "tag": "{display:{Name:'{\"text\":\"Dangerous Orb\"}'},CustomModelData:251515,dangerous_orb:1b}"
                        }
                    ]
                },
                {
                    "type": "item",
                    "weight": 1,
                    "name": "minecraft:item_frame",
                    "quality": 1,
                    "functions": [
                        {
                            "function": "set_nbt",
                            "tag": "{display:{Name:'{\"text\":\"Plate of Wealth\"}'},CustomModelData:222223,EntityTag:{Silent:1b,Tags:[\"wealth\"],Item:{id:\"minecraft:item_frame\",Count:1b,tag:{CustomModelData:222223}},Invulnerable:1b,Invisible:1b,Fixed:1b,Facing:1}}"
                        }
                    ]
                },
                {
                    "type": "item",
                    "weight": 1,
                    "name": "minecraft:item_frame",
                    "quality": 1,
                    "functions": [
                        {
                            "function": "set_nbt",
                            "tag": "{display:{Name:'{\"text\":\"Plate of Wrath\"}'},CustomModelData:222222,EntityTag:{Silent:1b,Tags:[\"wrath\"],Item:{id:\"minecraft:item_frame\",Count:1b,tag:{CustomModelData:222222}},Invulnerable:1b,Invisible:1b,Fixed:1b}}"
                        }
                    ]
                }
            ]
        }
    ]
}