{
    "pools": [
        {
            "rolls": {
                "min": 2,
                "max": 4
            },
            "entries": [
                {
                    "type": "item",
                    "weight": 34,
                    "name": "minecraft:ender_pearl",
                    "quality": 1
                },
                {
                    "type": "item",
                    "weight": 34,
                    "name": "minecraft:red_dye",
                    "quality": 1,
                    "functions": [
                        {
                            "function": "set_nbt",
                            "tag": "{display:{Name:'{\"text\":\"Chaos Essence\"}'},CustomModelData:131313,chaos:1b}"
                        }
                    ]
                },
                {
                    "type": "item",
                    "weight": 10,
                    "name": "minecraft:golden_apple",
                    "quality": 1
                },
                {
                    "type": "item",
                    "weight": 10,
                    "name": "minecraft:book",
                    "functions": [
                        {
                            "function": "set_nbt",
                            "tag": "{display:{Name:'{\"text\":\"Magic Tome\"}'},HideFlags:1,CustomModelData:234444,tome:1b}"
                        }
                    ]
                },
                {
                    "type": "item",
                    "weight": 10,
                    "name": "minecraft:diamond",
                    "quality": 1
                },
                {
                    "type": "item",
                    "weight": 2,
                    "name": "minecraft:netherite_scrap",
                    "quality": 1
                }
            ]
        }
    ]
}