{
    "pools": [
        {
            "rolls": {
                "min": 1,
                "max": 3
            },
            "entries": [
                {
                    "type": "item",
                    "weight": 15,
                    "name": "minecraft:yellow_dye",
                    "quality": 1,
                    "functions": [
                        {
                            "function": "set_nbt",
                            "tag": "{display:{Name:'{\"text\":\"Lucky Essence\"}'},CustomModelData:151515,lucky:1b}"
                        }
                    ]
                },
                {
                    "type": "item",
                    "weight": 5,
                    "name": "minecraft:lapis_lazuli",
                    "quality": 1
                },
                {
                    "type": "item",
                    "weight": 2,
                    "name": "minecraft:cornflower",
                    "quality": 2
                }
            ]
        }
    ]
}