{
    "pools": [
        {
            "rolls": 1,
            "entries": [
                {
                    "type": "item",
                    "weight": 10,
                    "name": "minecraft:blue_dye",
                    "quality": 1,
                    "functions": [
                        {
                            "function": "set_nbt",
                            "tag": "{display:{Name:'{\"text\":\"Harmony Essence\"}'},CustomModelData:141414,harmony:1b}"
                        }
                    ]
                }
            ]
        }
    ]
}