{
    "pools": [
        {
            "rolls": {
                "min": 1,
                "max": 2
            },
            "entries": [
                {
                    "type": "item",
                    "weight": 34,
                    "name": "minecraft:bone",
                    "quality": 1
                },
                {
                    "type": "item",
                    "weight": 34,
                    "name": "minecraft:rotten_flesh",
                    "quality": 2
                },
                {
                    "type": "item",
                    "weight": 17,
                    "name": "minecraft:blue_dye",
                    "quality": 1,
                    "functions": [
                        {
                            "function": "set_nbt",
                            "tag": "{display:{Name:'{\"text\":\"Harmony Essence\"}'},CustomModelData:141414,harmony:1b}"
                        }
                    ]
                },
                {
                    "type": "item",
                    "weight": 6,
                    "name": "minecraft:book",
                    "quality": 1
                },
                {
                    "type": "item",
                    "weight": 6,
                    "name": "minecraft:emerald",
                    "quality": 1
                },
                {
                    "type": "item",
                    "weight": 3,
                    "name": "minecraft:book",
                    "functions": [
                        {
                            "function": "set_nbt",
                            "tag": "{display:{Name:'{\"text\":\"Magic Tome\"}'},HideFlags:1,CustomModelData:234444,tome:1b}"
                        }
                    ]
                }
            ]
        }
    ]
}