{
    "comment": "Exclusively given in roguelite mode so the player can fix a botched nether portal - cut this concept? A free nether portal each run may send the wrong message.",
    "pools": [
        {
            "rolls": 1,
            "entries": [
                {
                    "type": "item",
                    "name": "minecraft:diamond_pickaxe",
                    "functions": [
                        {
                            "function": "minecraft:set_name",
                            "name": {
                                "color": "dark_purple",
                                "bold": true,
                                "italic": false,
                                "translate": "item.essrpg.relic.roguelite.riftbreaker"
                            },
                            "entity": "this"
                        },
                        {
                            "function": "set_nbt",
                            "tag": "{esitem:riftbreaker,esitemgroup:relicutil,es.unauggable:lmao,Enchantments:[{id:\"efficiency\",lvl:2}],Unbreakable:1}"
                        },
                        {
                            "function": "minecraft:set_lore",
                            "lore": [
                                {
                                    "translate": "item.essrpg.relic.roguelite.riftbreaker.lore.0"
                                },
                                {
                                    "translate": "item.essrpg.relic.roguelite.riftbreaker.lore.1"
                                },
                                {
                                    "translate": "item.essrpg.relic.roguelite.riftbreaker.lore.2"
                                },
                                {
                                    "color": "gray",
                                    "bold": true,
                                    "translate": "item.essrpg.relic.oldgen"
                                },
                                {
                                    "color": "dark_gray",
                                    "bold": true,
                                    "translate": "item.essrpg.relic.roguelite.riftbreaker.lore.3"
                                },
                                {
                                    "color": "dark_gray",
                                    "bold": true,
                                    "translate": "item.essrpg.relic.roguelite.riftbreaker.lore.4"
                                }
                            ],
                            "entity": "this"
                        }
                    ]
                }
            ]
        }
    ]
}