[
	{
		"function": "minecraft:set_nbt",
		"tag": "{AttributeModifiers:[{AttributeName:\"generic.attack_damage\",Amount:3.5,Slot:mainhand,Name:\"generic.attack_damage\",UUID:[I;-1221019,31378,16421,-62756]},{AttributeName:\"generic.attack_speed\",Amount:-1.6,Slot:mainhand,Name:\"generic.attack_speed\",UUID:[I;-1221019,31478,16421,-62956]},{AttributeName:\"generic.movement_speed\",Amount:0.5,Slot:mainhand,Operation:1,Name:\"generic.movement_speed\",UUID:[I;-1221019,32678,16421,-65356]}]}",
		"conditions": [
			{
				"condition": "minecraft:entity_properties",
				"entity": "this",
				"predicate": {
					"nbt": "{SelectedItem:{id:\"minecraft:iron_sword\"}}"
				}
			},
			{
				"condition": "minecraft:inverted",
				"term": {
					"condition": "minecraft:entity_properties",
					"entity": "this",
					"predicate": {
						"effects": {
							"minecraft:invisibility": {}
						}
					}
				}
			}
		]
	},
    {
		"function": "minecraft:set_nbt",
		"tag": "{AttributeModifiers:[{AttributeName:\"generic.attack_damage\",Amount:4.5,Slot:mainhand,Name:\"generic.attack_damage\",UUID:[I;-1221019,31378,16421,-62756]},{AttributeName:\"generic.attack_speed\",Amount:-1.6,Slot:mainhand,Name:\"generic.attack_speed\",UUID:[I;-1221019,31478,16421,-62956]},{AttributeName:\"generic.movement_speed\",Amount:0.5,Slot:mainhand,Operation:1,Name:\"generic.movement_speed\",UUID:[I;-1221019,32678,16421,-65356]}]}",
		"conditions": [
			{
				"condition": "minecraft:entity_properties",
				"entity": "this",
				"predicate": {
					"nbt": "{SelectedItem:{id:\"minecraft:iron_sword\"},ActiveEffects:[{Id:14,Amplifier:0b}]}"
				}
			}
		]
	},
    {
		"function": "minecraft:set_nbt",
		"tag": "{AttributeModifiers:[{AttributeName:\"generic.attack_damage\",Amount:48,Slot:mainhand,Name:\"generic.attack_damage\",UUID:[I;-1221019,31378,16421,-62756]},{AttributeName:\"generic.attack_speed\",Amount:-3.9,Slot:mainhand,Name:\"generic.attack_speed\",UUID:[I;-1221019,31478,16421,-62956]},{AttributeName:\"generic.movement_speed\",Amount:0.5,Slot:mainhand,Operation:1,Name:\"generic.movement_speed\",UUID:[I;-1221019,32678,16421,-65356]}]}",
		"conditions": [
			{
				"condition": "minecraft:entity_properties",
				"entity": "this",
				"predicate": {
					"nbt": "{SelectedItem:{id:\"minecraft:iron_sword\"},ActiveEffects:[{Id:14,Amplifier:1b}]}"
				}
			}
		]
	},



    {
		"function": "minecraft:set_nbt",
		"tag": "{AttributeModifiers:[{AttributeName:\"generic.attack_damage\",Amount:4.5,Slot:mainhand,Name:\"generic.attack_damage\",UUID:[I;-1221019,31378,16421,-62756]},{AttributeName:\"generic.attack_speed\",Amount:-1.745454545,Slot:mainhand,Name:\"generic.attack_speed\",UUID:[I;-1221019,31478,16421,-62956]},{AttributeName:\"generic.movement_speed\",Amount:0.5,Slot:mainhand,Operation:1,Name:\"generic.movement_speed\",UUID:[I;-1221019,32678,16421,-65356]}]}",
		"conditions": [
			{
				"condition": "minecraft:entity_properties",
				"entity": "this",
				"predicate": {
					"nbt": "{SelectedItem:{id:\"minecraft:diamond_sword\"}}"
				}
			},
			{
				"condition": "minecraft:inverted",
				"term": {
					"condition": "minecraft:entity_properties",
					"entity": "this",
					"predicate": {
						"effects": {
							"minecraft:invisibility": {}
						}
					}
				}
			}
		]
	},
    {
		"function": "minecraft:set_nbt",
		"tag": "{AttributeModifiers:[{AttributeName:\"generic.attack_damage\",Amount:5.5,Slot:mainhand,Name:\"generic.attack_damage\",UUID:[I;-1221019,31378,16421,-62756]},{AttributeName:\"generic.attack_speed\",Amount:-1.745454545,Slot:mainhand,Name:\"generic.attack_speed\",UUID:[I;-1221019,31478,16421,-62956]},{AttributeName:\"generic.movement_speed\",Amount:0.5,Slot:mainhand,Operation:1,Name:\"generic.movement_speed\",UUID:[I;-1221019,32678,16421,-65356]}]}",
		"conditions": [
			{
				"condition": "minecraft:entity_properties",
				"entity": "this",
				"predicate": {
					"nbt": "{SelectedItem:{id:\"minecraft:diamond_sword\"},ActiveEffects:[{Id:14,Amplifier:0b}]}"
				}
			}
		]
	},
    {
		"function": "minecraft:set_nbt",
		"tag": "{AttributeModifiers:[{AttributeName:\"generic.attack_damage\",Amount:49,Slot:mainhand,Name:\"generic.attack_damage\",UUID:[I;-1221019,31378,16421,-62756]},{AttributeName:\"generic.attack_speed\",Amount:-3.9,Slot:mainhand,Name:\"generic.attack_speed\",UUID:[I;-1221019,31478,16421,-62956]},{AttributeName:\"generic.movement_speed\",Amount:0.5,Slot:mainhand,Operation:1,Name:\"generic.movement_speed\",UUID:[I;-1221019,32678,16421,-65356]}]}",
		"conditions": [
			{
				"condition": "minecraft:entity_properties",
				"entity": "this",
				"predicate": {
					"nbt": "{SelectedItem:{id:\"minecraft:diamond_sword\"},ActiveEffects:[{Id:14,Amplifier:1b}]}"
				}
			}
		]
	},



    {
		"function": "minecraft:set_nbt",
		"tag": "{AttributeModifiers:[{AttributeName:\"generic.attack_damage\",Amount:5.5,Slot:mainhand,Name:\"generic.attack_damage\",UUID:[I;-1221019,31378,16421,-62756]},{AttributeName:\"generic.attack_speed\",Amount:-1.846153846,Slot:mainhand,Name:\"generic.attack_speed\",UUID:[I;-1221019,31478,16421,-62956]},{AttributeName:\"generic.movement_speed\",Amount:0.5,Slot:mainhand,Operation:1,Name:\"generic.movement_speed\",UUID:[I;-1221019,32678,16421,-65356]}]}",
		"conditions": [
			{
				"condition": "minecraft:entity_properties",
				"entity": "this",
				"predicate": {
					"nbt": "{SelectedItem:{id:\"minecraft:netherite_sword\"}}"
				}
			},
			{
				"condition": "minecraft:inverted",
				"term": {
					"condition": "minecraft:entity_properties",
					"entity": "this",
					"predicate": {
						"effects": {
							"minecraft:invisibility": {}
						}
					}
				}
			}
		]
	},
    {
		"function": "minecraft:set_nbt",
		"tag": "{AttributeModifiers:[{AttributeName:\"generic.attack_damage\",Amount:6.5,Slot:mainhand,Name:\"generic.attack_damage\",UUID:[I;-1221019,31378,16421,-62756]},{AttributeName:\"generic.attack_speed\",Amount:-1.846153846,Slot:mainhand,Name:\"generic.attack_speed\",UUID:[I;-1221019,31478,16421,-62956]},{AttributeName:\"generic.movement_speed\",Amount:0.5,Slot:mainhand,Operation:1,Name:\"generic.movement_speed\",UUID:[I;-1221019,32678,16421,-65356]}]}",
		"conditions": [
			{
				"condition": "minecraft:entity_properties",
				"entity": "this",
				"predicate": {
					"nbt": "{SelectedItem:{id:\"minecraft:netherite_sword\"},ActiveEffects:[{Id:14,Amplifier:0b}]}"
				}
			}
		]
	},
    {
		"function": "minecraft:set_nbt",
		"tag": "{AttributeModifiers:[{AttributeName:\"generic.attack_damage\",Amount:50,Slot:mainhand,Name:\"generic.attack_damage\",UUID:[I;-1221019,31378,16421,-62756]},{AttributeName:\"generic.attack_speed\",Amount:-3.9,Slot:mainhand,Name:\"generic.attack_speed\",UUID:[I;-1221019,31478,16421,-62956]},{AttributeName:\"generic.movement_speed\",Amount:0.5,Slot:mainhand,Operation:1,Name:\"generic.movement_speed\",UUID:[I;-1221019,32678,16421,-65356]}]}",
		"conditions": [
			{
				"condition": "minecraft:entity_properties",
				"entity": "this",
				"predicate": {
					"nbt": "{SelectedItem:{id:\"minecraft:netherite_sword\"},ActiveEffects:[{Id:14,Amplifier:1b}]}"
				}
			}
		]
	}
]