{
  "type": "minecraft:entity",
  "pools": [
    {
      "rolls": 1,
      "entries": [
        {
          "type": "minecraft:item",
          "name": "minecraft:budding_amethyst"
        }
      ]
    },
    {
      "rolls": 1,
      "entries": [
        {
          "type": "minecraft:item",
          "name": "minecraft:frogspawn"
        }
      ]
    },
    {
      "rolls": 1,
      "bonus_rolls": 0,
      "entries": [
        {
          "type": "minecraft:item",
          "name": "minecraft:tipped_arrow",
          "functions": [
            {
              "function": "minecraft:set_potion",
              "id": "minecraft:strong_harming"
            },
            {
              "function": "minecraft:set_count",
              "count": {
                "min": 0,
                "max": 16
              }
            },
            {
              "function": "minecraft:looting_enchant",
              "count": {
                "min": 0,
                "max": 20
              }
            }
          ]
        }
      ]
    },
    {
      "rolls": 1,
      "entries": [
        {
          "type": "minecraft:item",
          "weight": 1,
          "name": "minecraft:tipped_arrow",
          "functions": [
            {
              "function": "minecraft:set_potion",
              "id": "minecraft:strong_slowness"
            },
            {
              "function": "minecraft:set_count",
              "count": {
                "min": 0,
                "max": 16
              },
              "add": true
            },
            {
              "function": "minecraft:looting_enchant",
              "count": {
                "min": 0,
                "max": 20
              }
            }
          ]
        },
        {
          "type": "minecraft:item",
          "weight": 1,
          "name": "minecraft:tipped_arrow",
          "functions": [
            {
              "function": "minecraft:set_potion",
              "id": "minecraft:strong_poison"
            },
            {
              "function": "minecraft:set_count",
              "count": {
                "min": 0,
                "max": 16
              },
              "add": true
            },
            {
              "function": "minecraft:looting_enchant",
              "count": {
                "min": 0,
                "max": 20
              }
            }
          ]
        }
      ]
    },
    {
      "rolls": 1,
      "entries": [
        {
          "type": "minecraft:item",
          "name": "minecraft:dragon_breath",
          "functions": [
            {
              "function": "minecraft:set_count",
              "count": {
                "min": 0,
                "max": 16
              },
              "add": true
            },
            {
              "function": "minecraft:looting_enchant",
              "count": {
                "min": 0,
                "max": 20
              }
            }
          ]
        }
      ]
    },
    {
      "rolls": 1,
      "entries": [
        {
          "type": "minecraft:item",
          "name": "minecraft:totem_of_undying"
        }
      ]
    },
    {
      "rolls": 1,
      "entries": [
        {
          "type": "minecraft:item",
          "name": "minecraft:petrified_oak_slab"
        }
      ]
    },
    {
      "rolls": 1,
      "entries": [
        {
          "type": "minecraft:item",
          "weight": 10,
          "name": "minecraft:potion",
          "functions": [
            {
              "function": "minecraft:set_potion",
              "id": "minecraft:invisibility"
            },
            {
              "function": "minecraft:set_count",
              "count": {
                "min": 0,
                "max": 3
              },
              "add": true
            },
            {
              "function": "minecraft:looting_enchant",
              "count": {
                "min": 0,
                "max": 4
              }
            }
          ]
        },
        {
          "type": "minecraft:item",
          "weight": 5,
          "name": "minecraft:potion",
          "functions": [
            {
              "function": "minecraft:set_potion",
              "id": "minecraft:long_invisibility"
            },
            {
              "function": "minecraft:set_count",
              "count": {
                "min": 0,
                "max": 4
              },
              "add": true
            },
            {
              "function": "minecraft:looting_enchant",
              "count": {
                "min": 0,
                "max": 4
              }
            }
          ]
        }
      ]
    }
  ]
}
