{
	"parent": "item/handheld",
	"textures": {
		"layer0": "item/diamond_sword"
	},
	"overrides": [
		{
			"predicate": {
				"custom_model_data": 10000
			},
			"model": "item/diamond_rapier"
		},
		{
			"predicate": {
				"custom_model_data": 10001
			},
			"model": "item/diamond_greatsword"
		},
		{
			"predicate": {
				"custom_model_data": 10002
			},
			"model": "item/diamond_saber"
		},
		{
			"predicate": {
				"custom_model_data": 10003
			},
			"model": "item/diamond_katana"
		},
		{
			"predicate": {
				"custom_model_data": 10004
			},
			"model": "item/diamond_longsword"
		},
		{
			"predicate": {
				"custom_model_data": 10005
			},
			"model": "item/diamond_dagger"
		},
		{
			"predicate": {
				"custom_model_data": 10006
			},
			"model": "item/diamond_greataxe"
		},
		{
			"predicate": {
				"custom_model_data": 10007
			},
			"model": "item/diamond_spear"
		}
	]
}