{
	"credit": "Made with Blockbench",
	"texture_size": [32, 32],
	"textures": {
		"0": "item/iron_longsword"
	},
	"elements": [
		{
			"from": [13, 15, 7.5],
			"to": [18, 16, 8.5],
			"rotation": {"angle": 0, "axis": "y", "origin": [12, 14, 0]},
			"faces": {
				"north": {"uv": [9, 8, 6.5, 8.5], "texture": "#0"},
				"east": {"uv": [8.5, 8, 9, 8.5], "texture": "#0"},
				"south": {"uv": [6.5, 8, 9, 8.5], "texture": "#0"},
				"west": {"uv": [6.5, 8, 7, 8.5], "texture": "#0"},
				"up": {"uv": [6.5, 8, 9, 8.5], "texture": "#0"},
				"down": {"uv": [6.5, 8, 9, 8.5], "texture": "#0"}
			}
		},
		{
			"from": [0, 0, 7.5],
			"to": [3, 1, 8.5],
			"faces": {
				"north": {"uv": [1.5, 15.5, 0, 16], "texture": "#0"},
				"east": {"uv": [1, 15.5, 1.5, 16], "texture": "#0"},
				"south": {"uv": [0, 15.5, 1.5, 16], "texture": "#0"},
				"west": {"uv": [0, 15.5, 0.5, 16], "texture": "#0"},
				"up": {"uv": [0, 15.5, 1.5, 16], "texture": "#0"},
				"down": {"uv": [0, 15.5, 1.5, 16], "texture": "#0"}
			}
		},
		{
			"from": [0, 1, 7.5],
			"to": [3, 2, 8.5],
			"rotation": {"angle": 0, "axis": "y", "origin": [0, 1, 0]},
			"faces": {
				"north": {"uv": [1.5, 15, 0, 15.5], "texture": "#0"},
				"east": {"uv": [1, 15, 1.5, 15.5], "texture": "#0"},
				"south": {"uv": [0, 15, 1.5, 15.5], "texture": "#0"},
				"west": {"uv": [0, 15, 0.5, 15.5], "texture": "#0"},
				"up": {"uv": [0, 15, 1.5, 15.5], "texture": "#0"},
				"down": {"uv": [0, 15, 1.5, 15.5], "texture": "#0"}
			}
		},
		{
			"from": [0, 2, 7.5],
			"to": [4, 3, 8.5],
			"rotation": {"angle": 0, "axis": "y", "origin": [0, 2, 0]},
			"faces": {
				"north": {"uv": [2, 14.5, 0, 15], "texture": "#0"},
				"east": {"uv": [1.5, 14.5, 2, 15], "texture": "#0"},
				"south": {"uv": [0, 14.5, 2, 15], "texture": "#0"},
				"west": {"uv": [0, 14.5, 0.5, 15], "texture": "#0"},
				"up": {"uv": [0, 14.5, 2, 15], "texture": "#0"},
				"down": {"uv": [0, 14.5, 2, 15], "texture": "#0"}
			}
		},
		{
			"from": [2, 3, 7.5],
			"to": [5, 4, 8.5],
			"rotation": {"angle": 0, "axis": "y", "origin": [2, 3, 0]},
			"faces": {
				"north": {"uv": [2.5, 14, 1, 14.5], "texture": "#0"},
				"east": {"uv": [2, 14, 2.5, 14.5], "texture": "#0"},
				"south": {"uv": [1, 14, 2.5, 14.5], "texture": "#0"},
				"west": {"uv": [1, 14, 1.5, 14.5], "texture": "#0"},
				"up": {"uv": [1, 14, 2.5, 14.5], "texture": "#0"},
				"down": {"uv": [1, 14, 2.5, 14.5], "texture": "#0"}
			}
		},
		{
			"from": [3, 4, 7.5],
			"to": [6, 5, 8.5],
			"rotation": {"angle": 0, "axis": "y", "origin": [3, 4, 0]},
			"faces": {
				"north": {"uv": [3, 13.5, 1.5, 14], "texture": "#0"},
				"east": {"uv": [2.5, 13.5, 3, 14], "texture": "#0"},
				"south": {"uv": [1.5, 13.5, 3, 14], "texture": "#0"},
				"west": {"uv": [1.5, 13.5, 2, 14], "texture": "#0"},
				"up": {"uv": [1.5, 13.5, 3, 14], "texture": "#0"},
				"down": {"uv": [1.5, 13.5, 3, 14], "texture": "#0"}
			}
		},
		{
			"from": [4, 5, 7.5],
			"to": [7, 6, 8.5],
			"rotation": {"angle": 0, "axis": "y", "origin": [4, 5, 0]},
			"faces": {
				"north": {"uv": [3.5, 13, 2, 13.5], "texture": "#0"},
				"east": {"uv": [3, 13, 3.5, 13.5], "texture": "#0"},
				"south": {"uv": [2, 13, 3.5, 13.5], "texture": "#0"},
				"west": {"uv": [2, 13, 2.5, 13.5], "texture": "#0"},
				"up": {"uv": [2, 13, 3.5, 13.5], "texture": "#0"},
				"down": {"uv": [2, 13, 3.5, 13.5], "texture": "#0"}
			}
		},
		{
			"from": [6, 7, 7.5],
			"to": [12, 8, 8.5],
			"rotation": {"angle": 0, "axis": "y", "origin": [6, 6, 0]},
			"faces": {
				"north": {"uv": [6, 12, 3, 12.5], "texture": "#0"},
				"east": {"uv": [5.5, 12, 6, 12.5], "texture": "#0"},
				"south": {"uv": [3, 12, 6, 12.5], "texture": "#0"},
				"west": {"uv": [3, 12, 3.5, 12.5], "texture": "#0"},
				"up": {"uv": [3, 12, 6, 12.5], "texture": "#0"},
				"down": {"uv": [3, 12, 6, 12.5], "texture": "#0"}
			}
		},
		{
			"from": [7, 8, 7.5],
			"to": [11, 9, 8.5],
			"rotation": {"angle": 0, "axis": "y", "origin": [6, 7, 0]},
			"faces": {
				"north": {"uv": [5.5, 11.5, 3.5, 12], "texture": "#0"},
				"east": {"uv": [5, 11.5, 5.5, 12], "texture": "#0"},
				"south": {"uv": [3.5, 11.5, 5.5, 12], "texture": "#0"},
				"west": {"uv": [3.5, 11.5, 4, 12], "texture": "#0"},
				"up": {"uv": [3.5, 11.5, 5.5, 12], "texture": "#0"},
				"down": {"uv": [3.5, 11.5, 5.5, 12], "texture": "#0"}
			}
		},
		{
			"from": [10, 6, 7.5],
			"to": [13, 7, 8.5],
			"rotation": {"angle": 0, "axis": "y", "origin": [9, 5, 0]},
			"faces": {
				"north": {"uv": [6.5, 12.5, 5, 13], "texture": "#0"},
				"east": {"uv": [6, 12.5, 6.5, 13], "texture": "#0"},
				"south": {"uv": [5, 12.5, 6.5, 13], "texture": "#0"},
				"west": {"uv": [5, 12.5, 5.5, 13], "texture": "#0"},
				"up": {"uv": [5, 12.5, 6.5, 13], "texture": "#0"},
				"down": {"uv": [5, 12.5, 6.5, 13], "texture": "#0"}
			}
		},
		{
			"from": [11, 5, 7.5],
			"to": [13, 6, 8.5],
			"rotation": {"angle": 0, "axis": "y", "origin": [10, 4, 0]},
			"faces": {
				"north": {"uv": [6.5, 13, 5.5, 13.5], "texture": "#0"},
				"east": {"uv": [6, 13, 6.5, 13.5], "texture": "#0"},
				"south": {"uv": [5.5, 13, 6.5, 13.5], "texture": "#0"},
				"west": {"uv": [5.5, 13, 6, 13.5], "texture": "#0"},
				"up": {"uv": [5.5, 13, 6.5, 13.5], "texture": "#0"},
				"down": {"uv": [5.5, 13, 6.5, 13.5], "texture": "#0"}
			}
		},
		{
			"from": [7, 9, 7.5],
			"to": [12, 10, 8.5],
			"rotation": {"angle": 0, "axis": "y", "origin": [5, 8, 0]},
			"faces": {
				"north": {"uv": [6, 11, 3.5, 11.5], "texture": "#0"},
				"east": {"uv": [5.5, 11, 6, 11.5], "texture": "#0"},
				"south": {"uv": [3.5, 11, 6, 11.5], "texture": "#0"},
				"west": {"uv": [3.5, 11, 4, 11.5], "texture": "#0"},
				"up": {"uv": [3.5, 11, 6, 11.5], "texture": "#0"},
				"down": {"uv": [3.5, 11, 6, 11.5], "texture": "#0"}
			}
		},
		{
			"from": [6, 10, 7.5],
			"to": [13, 11, 8.5],
			"rotation": {"angle": 0, "axis": "y", "origin": [5, 9, 0]},
			"faces": {
				"north": {"uv": [6.5, 10.5, 3, 11], "texture": "#0"},
				"east": {"uv": [6, 10.5, 6.5, 11], "texture": "#0"},
				"south": {"uv": [3, 10.5, 6.5, 11], "texture": "#0"},
				"west": {"uv": [3, 10.5, 3.5, 11], "texture": "#0"},
				"up": {"uv": [3, 10.5, 6.5, 11], "texture": "#0"},
				"down": {"uv": [3, 10.5, 6.5, 11], "texture": "#0"}
			}
		},
		{
			"from": [5, 11, 7.5],
			"to": [8, 12, 8.5],
			"rotation": {"angle": 0, "axis": "y", "origin": [4, 10, 0]},
			"faces": {
				"north": {"uv": [4, 10, 2.5, 10.5], "texture": "#0"},
				"east": {"uv": [3.5, 10, 4, 10.5], "texture": "#0"},
				"south": {"uv": [2.5, 10, 4, 10.5], "texture": "#0"},
				"west": {"uv": [2.5, 10, 3, 10.5], "texture": "#0"},
				"up": {"uv": [2.5, 10, 4, 10.5], "texture": "#0"},
				"down": {"uv": [2.5, 10, 4, 10.5], "texture": "#0"}
			}
		},
		{
			"from": [5, 12, 7.5],
			"to": [7, 13, 8.5],
			"rotation": {"angle": 0, "axis": "y", "origin": [4, 11, 0]},
			"faces": {
				"north": {"uv": [3.5, 9.5, 2.5, 10], "texture": "#0"},
				"east": {"uv": [3, 9.5, 3.5, 10], "texture": "#0"},
				"south": {"uv": [2.5, 9.5, 3.5, 10], "texture": "#0"},
				"west": {"uv": [2.5, 9.5, 3, 10], "texture": "#0"},
				"up": {"uv": [2.5, 9.5, 3.5, 10], "texture": "#0"},
				"down": {"uv": [2.5, 9.5, 3.5, 10], "texture": "#0"}
			}
		},
		{
			"from": [9, 11, 7.5],
			"to": [14, 12, 8.5],
			"rotation": {"angle": 0, "axis": "y", "origin": [8, 10, 0]},
			"faces": {
				"north": {"uv": [7, 10, 4.5, 10.5], "texture": "#0"},
				"east": {"uv": [6.5, 10, 7, 10.5], "texture": "#0"},
				"south": {"uv": [4.5, 10, 7, 10.5], "texture": "#0"},
				"west": {"uv": [4.5, 10, 5, 10.5], "texture": "#0"},
				"up": {"uv": [4.5, 10, 7, 10.5], "texture": "#0"},
				"down": {"uv": [4.5, 10, 7, 10.5], "texture": "#0"}
			}
		},
		{
			"from": [10, 12, 7.5],
			"to": [15, 13, 8.5],
			"rotation": {"angle": 0, "axis": "y", "origin": [9, 11, 0]},
			"faces": {
				"north": {"uv": [7.5, 9.5, 5, 10], "texture": "#0"},
				"east": {"uv": [7, 9.5, 7.5, 10], "texture": "#0"},
				"south": {"uv": [5, 9.5, 7.5, 10], "texture": "#0"},
				"west": {"uv": [5, 9.5, 5.5, 10], "texture": "#0"},
				"up": {"uv": [5, 9.5, 7.5, 10], "texture": "#0"},
				"down": {"uv": [5, 9.5, 7.5, 10], "texture": "#0"}
			}
		},
		{
			"from": [11, 13, 7.5],
			"to": [16, 14, 8.5],
			"rotation": {"angle": 0, "axis": "y", "origin": [10, 12, 0]},
			"faces": {
				"north": {"uv": [8, 9, 5.5, 9.5], "texture": "#0"},
				"east": {"uv": [7.5, 9, 8, 9.5], "texture": "#0"},
				"south": {"uv": [5.5, 9, 8, 9.5], "texture": "#0"},
				"west": {"uv": [5.5, 9, 6, 9.5], "texture": "#0"},
				"up": {"uv": [5.5, 9, 8, 9.5], "texture": "#0"},
				"down": {"uv": [5.5, 9, 8, 9.5], "texture": "#0"}
			}
		},
		{
			"from": [12, 14, 7.5],
			"to": [17, 15, 8.5],
			"rotation": {"angle": 0, "axis": "y", "origin": [11, 13, 0]},
			"faces": {
				"north": {"uv": [8.5, 8.5, 6, 9], "texture": "#0"},
				"east": {"uv": [8, 8.5, 8.5, 9], "texture": "#0"},
				"south": {"uv": [6, 8.5, 8.5, 9], "texture": "#0"},
				"west": {"uv": [6, 8.5, 6.5, 9], "texture": "#0"},
				"up": {"uv": [6, 8.5, 8.5, 9], "texture": "#0"},
				"down": {"uv": [6, 8.5, 8.5, 9], "texture": "#0"}
			}
		},
		{
			"from": [14, 16, 7.5],
			"to": [19, 17, 8.5],
			"rotation": {"angle": 0, "axis": "y", "origin": [13, 15, 0]},
			"faces": {
				"north": {"uv": [9.5, 7.5, 7, 8], "texture": "#0"},
				"east": {"uv": [9, 7.5, 9.5, 8], "texture": "#0"},
				"south": {"uv": [7, 7.5, 9.5, 8], "texture": "#0"},
				"west": {"uv": [7, 7.5, 7.5, 8], "texture": "#0"},
				"up": {"uv": [7, 7.5, 9.5, 8], "texture": "#0"},
				"down": {"uv": [7, 7.5, 9.5, 8], "texture": "#0"}
			}
		},
		{
			"from": [15, 17, 7.5],
			"to": [20, 18, 8.5],
			"rotation": {"angle": 0, "axis": "y", "origin": [14, 16, 0]},
			"faces": {
				"north": {"uv": [10, 7, 7.5, 7.5], "texture": "#0"},
				"east": {"uv": [9.5, 7, 10, 7.5], "texture": "#0"},
				"south": {"uv": [7.5, 7, 10, 7.5], "texture": "#0"},
				"west": {"uv": [7.5, 7, 8, 7.5], "texture": "#0"},
				"up": {"uv": [7.5, 7, 10, 7.5], "texture": "#0"},
				"down": {"uv": [7.5, 7, 10, 7.5], "texture": "#0"}
			}
		},
		{
			"from": [16, 18, 7.5],
			"to": [21, 19, 8.5],
			"rotation": {"angle": 0, "axis": "y", "origin": [15, 17, 0]},
			"faces": {
				"north": {"uv": [10.5, 6.5, 8, 7], "texture": "#0"},
				"east": {"uv": [10, 6.5, 10.5, 7], "texture": "#0"},
				"south": {"uv": [8, 6.5, 10.5, 7], "texture": "#0"},
				"west": {"uv": [8, 6.5, 8.5, 7], "texture": "#0"},
				"up": {"uv": [8, 6.5, 10.5, 7], "texture": "#0"},
				"down": {"uv": [8, 6.5, 10.5, 7], "texture": "#0"}
			}
		},
		{
			"from": [17, 19, 7.5],
			"to": [22, 20, 8.5],
			"rotation": {"angle": 0, "axis": "y", "origin": [16, 18, 0]},
			"faces": {
				"north": {"uv": [11, 6, 8.5, 6.5], "texture": "#0"},
				"east": {"uv": [10.5, 6, 11, 6.5], "texture": "#0"},
				"south": {"uv": [8.5, 6, 11, 6.5], "texture": "#0"},
				"west": {"uv": [8.5, 6, 9, 6.5], "texture": "#0"},
				"up": {"uv": [8.5, 6, 11, 6.5], "texture": "#0"},
				"down": {"uv": [8.5, 6, 11, 6.5], "texture": "#0"}
			}
		},
		{
			"from": [18, 20, 7.5],
			"to": [23, 21, 8.5],
			"rotation": {"angle": 0, "axis": "y", "origin": [17, 19, 0]},
			"faces": {
				"north": {"uv": [11.5, 5.5, 9, 6], "texture": "#0"},
				"east": {"uv": [11, 5.5, 11.5, 6], "texture": "#0"},
				"south": {"uv": [9, 5.5, 11.5, 6], "texture": "#0"},
				"west": {"uv": [9, 5.5, 9.5, 6], "texture": "#0"},
				"up": {"uv": [9, 5.5, 11.5, 6], "texture": "#0"},
				"down": {"uv": [9, 5.5, 11.5, 6], "texture": "#0"}
			}
		},
		{
			"from": [19, 21, 7.5],
			"to": [23, 22, 8.5],
			"rotation": {"angle": 0, "axis": "y", "origin": [18, 20, 0]},
			"faces": {
				"north": {"uv": [11.5, 5, 9.5, 5.5], "texture": "#0"},
				"east": {"uv": [11, 5, 11.5, 5.5], "texture": "#0"},
				"south": {"uv": [9.5, 5, 11.5, 5.5], "texture": "#0"},
				"west": {"uv": [9.5, 5, 10, 5.5], "texture": "#0"},
				"up": {"uv": [9.5, 5, 11.5, 5.5], "texture": "#0"},
				"down": {"uv": [9.5, 5, 11.5, 5.5], "texture": "#0"}
			}
		},
		{
			"from": [20, 22, 7.5],
			"to": [23, 23, 8.5],
			"rotation": {"angle": 0, "axis": "y", "origin": [19, 21, 0]},
			"faces": {
				"north": {"uv": [11.5, 4.5, 10, 5], "texture": "#0"},
				"east": {"uv": [11, 4.5, 11.5, 5], "texture": "#0"},
				"south": {"uv": [10, 4.5, 11.5, 5], "texture": "#0"},
				"west": {"uv": [10, 4.5, 10.5, 5], "texture": "#0"},
				"up": {"uv": [10, 4.5, 11.5, 5], "texture": "#0"},
				"down": {"uv": [10, 4.5, 11.5, 5], "texture": "#0"}
			}
		},
		{
			"from": [5, 6, 7.5],
			"to": [8, 7, 8.5],
			"rotation": {"angle": 0, "axis": "y", "origin": [4, 5, 0]},
			"faces": {
				"north": {"uv": [4, 12.5, 2.5, 13], "texture": "#0"},
				"east": {"uv": [3.5, 12.5, 4, 13], "texture": "#0"},
				"south": {"uv": [2.5, 12.5, 4, 13], "texture": "#0"},
				"west": {"uv": [2.5, 12.5, 3, 13], "texture": "#0"},
				"up": {"uv": [2.5, 12.5, 4, 13], "texture": "#0"},
				"down": {"uv": [2.5, 12.5, 4, 13], "texture": "#0"}
			}
		}
	],
	"gui_light": "front",
	"display": {
		"thirdperson_righthand": {
			"rotation": [0, -90, 55],
			"translation": [0, 0, 1],
			"scale": [0.85, 0.85, 0.85]
		},
		"thirdperson_lefthand": {
			"rotation": [0, 90, -55],
			"translation": [0, 0, 1],
			"scale": [0.85, 0.85, 0.85]
		},
		"firstperson_righthand": {
			"rotation": [0, -90, 25],
			"translation": [1.13, 0.25, 1.13],
			"scale": [0.68, 0.68, 0.68]
		},
		"firstperson_lefthand": {
			"rotation": [0, 90, -25],
			"translation": [1.13, 0.25, 1.13],
			"scale": [0.68, 0.68, 0.68]
		},
		"ground": {
			"translation": [0, 2, 0],
			"scale": [0.5, 0.5, 0.5]
		},
		"gui": {
			"translation": [-2.421, -2.42, 0],
			"scale": [0.6925, 0.6925, 0.6925]
		},
		"head": {
			"rotation": [0, 180, 0],
			"translation": [0, 13, 7]
		},
		"fixed": {
			"rotation": [0, -180, 0],
			"translation": [2.421, -2.42, 0],
			"scale": [0.6925, 0.6925, 0.6925]
		}
	}
}