{
	"parent": "item/handheld",
	"textures": {
		"layer0": "item/iron_sword"
	},
	"overrides": [
		{
			"predicate": {
				"custom_model_data": 10000
			},
			"model": "item/iron_rapier"
		},
		{
			"predicate": {
				"custom_model_data": 10001
			},
			"model": "item/iron_greatsword"
		},
		{
			"predicate": {
				"custom_model_data": 10002
			},
			"model": "item/iron_saber"
		},
		{
			"predicate": {
				"custom_model_data": 10003
			},
			"model": "item/iron_katana"
		},
		{
			"predicate": {
				"custom_model_data": 10004
			},
			"model": "item/iron_longsword"
		},
		{
			"predicate": {
				"custom_model_data": 10005
			},
			"model": "item/iron_dagger"
		},
		{
			"predicate": {
				"custom_model_data": 10006
			},
			"model": "item/iron_greataxe"
		},
		{
			"predicate": {
				"custom_model_data": 10007
			},
			"model": "item/iron_spear"
		}
	]
}