{
	"credit": "Made with Blockbench",
	"texture_size": [32, 32],
	"textures": {
		"1": "item/netherite_greataxe"
	},
	"elements": [
		{
			"from": [18, 28, 7.5],
			"to": [24, 29, 8.5],
			"faces": {
				"north": {"uv": [12, 1.5, 9, 2], "texture": "#1"},
				"east": {"uv": [11.5, 1.5, 12, 2], "texture": "#1"},
				"south": {"uv": [9, 1.5, 12, 2], "texture": "#1"},
				"west": {"uv": [9, 1.5, 9.5, 2], "texture": "#1"},
				"up": {"uv": [9, 1.5, 12, 2], "texture": "#1"},
				"down": {"uv": [9, 1.5, 12, 2], "texture": "#1"}
			}
		},
		{
			"from": [0, 0, 7.5],
			"to": [3, 1, 8.5],
			"faces": {
				"north": {"uv": [1.5, 15.5, 0, 16], "texture": "#1"},
				"east": {"uv": [1, 15.5, 1.5, 16], "texture": "#1"},
				"south": {"uv": [0, 15.5, 1.5, 16], "texture": "#1"},
				"west": {"uv": [0, 15.5, 0.5, 16], "texture": "#1"},
				"up": {"uv": [0, 15.5, 1.5, 16], "texture": "#1"},
				"down": {"uv": [0, 15.5, 1.5, 16], "texture": "#1"}
			}
		},
		{
			"from": [0, 1, 7.5],
			"to": [3, 2, 8.5],
			"rotation": {"angle": 0, "axis": "y", "origin": [0, 1, 0]},
			"faces": {
				"north": {"uv": [1.5, 15, 0, 15.5], "texture": "#1"},
				"east": {"uv": [1, 15, 1.5, 15.5], "texture": "#1"},
				"south": {"uv": [0, 15, 1.5, 15.5], "texture": "#1"},
				"west": {"uv": [0, 15, 0.5, 15.5], "texture": "#1"},
				"up": {"uv": [0, 15, 1.5, 15.5], "texture": "#1"},
				"down": {"uv": [0, 15, 1.5, 15.5], "texture": "#1"}
			}
		},
		{
			"from": [0, 2, 7.5],
			"to": [4, 3, 8.5],
			"rotation": {"angle": 0, "axis": "y", "origin": [1, 2, 0]},
			"faces": {
				"north": {"uv": [2, 14.5, 0, 15], "texture": "#1"},
				"east": {"uv": [1.5, 14.5, 2, 15], "texture": "#1"},
				"south": {"uv": [0, 14.5, 2, 15], "texture": "#1"},
				"west": {"uv": [0.5, 14.5, 1, 15], "texture": "#1"},
				"up": {"uv": [0, 14.5, 2, 15], "texture": "#1"},
				"down": {"uv": [0, 14.5, 2, 15], "texture": "#1"}
			}
		},
		{
			"from": [2, 3, 7.5],
			"to": [5, 4, 8.5],
			"rotation": {"angle": 0, "axis": "y", "origin": [2, 3, 0]},
			"faces": {
				"north": {"uv": [2.5, 14, 1, 14.5], "texture": "#1"},
				"east": {"uv": [2, 14, 2.5, 14.5], "texture": "#1"},
				"south": {"uv": [1, 14, 2.5, 14.5], "texture": "#1"},
				"west": {"uv": [1, 14, 1.5, 14.5], "texture": "#1"},
				"up": {"uv": [1, 14, 2.5, 14.5], "texture": "#1"},
				"down": {"uv": [1, 14, 2.5, 14.5], "texture": "#1"}
			}
		},
		{
			"from": [3, 4, 7.5],
			"to": [6, 5, 8.5],
			"rotation": {"angle": 0, "axis": "y", "origin": [3, 4, 0]},
			"faces": {
				"north": {"uv": [3, 13.5, 1.5, 14], "texture": "#1"},
				"east": {"uv": [2.5, 13.5, 3, 14], "texture": "#1"},
				"south": {"uv": [1.5, 13.5, 3, 14], "texture": "#1"},
				"west": {"uv": [1.5, 13.5, 2, 14], "texture": "#1"},
				"up": {"uv": [1.5, 13.5, 3, 14], "texture": "#1"},
				"down": {"uv": [1.5, 13.5, 3, 14], "texture": "#1"}
			}
		},
		{
			"from": [4, 5, 7.5],
			"to": [7, 6, 8.5],
			"rotation": {"angle": 0, "axis": "y", "origin": [4, 5, 0]},
			"faces": {
				"north": {"uv": [3.5, 13, 2, 13.5], "texture": "#1"},
				"east": {"uv": [3, 13, 3.5, 13.5], "texture": "#1"},
				"south": {"uv": [2, 13, 3.5, 13.5], "texture": "#1"},
				"west": {"uv": [2, 13, 2.5, 13.5], "texture": "#1"},
				"up": {"uv": [2, 13, 3.5, 13.5], "texture": "#1"},
				"down": {"uv": [2, 13, 3.5, 13.5], "texture": "#1"}
			}
		},
		{
			"from": [5, 6, 7.5],
			"to": [8, 7, 8.5],
			"rotation": {"angle": 0, "axis": "y", "origin": [5, 6, 0]},
			"faces": {
				"north": {"uv": [4, 12.5, 2.5, 13], "texture": "#1"},
				"east": {"uv": [3.5, 12.5, 4, 13], "texture": "#1"},
				"south": {"uv": [2.5, 12.5, 4, 13], "texture": "#1"},
				"west": {"uv": [2.5, 12.5, 3, 13], "texture": "#1"},
				"up": {"uv": [2.5, 12.5, 4, 13], "texture": "#1"},
				"down": {"uv": [2.5, 12.5, 4, 13], "texture": "#1"}
			}
		},
		{
			"from": [6, 7, 7.5],
			"to": [9, 8, 8.5],
			"rotation": {"angle": 0, "axis": "y", "origin": [6, 7, 0]},
			"faces": {
				"north": {"uv": [4.5, 12, 3, 12.5], "texture": "#1"},
				"east": {"uv": [4, 12, 4.5, 12.5], "texture": "#1"},
				"south": {"uv": [3, 12, 4.5, 12.5], "texture": "#1"},
				"west": {"uv": [3, 12, 3.5, 12.5], "texture": "#1"},
				"up": {"uv": [3, 12, 4.5, 12.5], "texture": "#1"},
				"down": {"uv": [3, 12, 4.5, 12.5], "texture": "#1"}
			}
		},
		{
			"from": [7, 8, 7.5],
			"to": [10, 9, 8.5],
			"rotation": {"angle": 0, "axis": "y", "origin": [7, 8, 0]},
			"faces": {
				"north": {"uv": [5, 11.5, 3.5, 12], "texture": "#1"},
				"east": {"uv": [4.5, 11.5, 5, 12], "texture": "#1"},
				"south": {"uv": [3.5, 11.5, 5, 12], "texture": "#1"},
				"west": {"uv": [3.5, 11.5, 4, 12], "texture": "#1"},
				"up": {"uv": [3.5, 11.5, 5, 12], "texture": "#1"},
				"down": {"uv": [3.5, 11.5, 5, 12], "texture": "#1"}
			}
		},
		{
			"from": [8, 9, 7.5],
			"to": [11, 10, 8.5],
			"rotation": {"angle": 0, "axis": "y", "origin": [8, 9, 0]},
			"faces": {
				"north": {"uv": [5.5, 11, 4, 11.5], "texture": "#1"},
				"east": {"uv": [5, 11, 5.5, 11.5], "texture": "#1"},
				"south": {"uv": [4, 11, 5.5, 11.5], "texture": "#1"},
				"west": {"uv": [4, 11, 4.5, 11.5], "texture": "#1"},
				"up": {"uv": [4, 11, 5.5, 11.5], "texture": "#1"},
				"down": {"uv": [4, 11, 5.5, 11.5], "texture": "#1"}
			}
		},
		{
			"from": [9, 10, 7.5],
			"to": [12, 11, 8.5],
			"rotation": {"angle": 0, "axis": "y", "origin": [9, 10, 0]},
			"faces": {
				"north": {"uv": [6, 10.5, 4.5, 11], "texture": "#1"},
				"east": {"uv": [5.5, 10.5, 6, 11], "texture": "#1"},
				"south": {"uv": [4.5, 10.5, 6, 11], "texture": "#1"},
				"west": {"uv": [4.5, 10.5, 5, 11], "texture": "#1"},
				"up": {"uv": [4.5, 10.5, 6, 11], "texture": "#1"},
				"down": {"uv": [4.5, 10.5, 6, 11], "texture": "#1"}
			}
		},
		{
			"from": [10, 11, 7.5],
			"to": [13, 12, 8.5],
			"rotation": {"angle": 0, "axis": "y", "origin": [10, 11, 0]},
			"faces": {
				"north": {"uv": [6.5, 10, 5, 10.5], "texture": "#1"},
				"east": {"uv": [6, 10, 6.5, 10.5], "texture": "#1"},
				"south": {"uv": [5, 10, 6.5, 10.5], "texture": "#1"},
				"west": {"uv": [5, 10, 5.5, 10.5], "texture": "#1"},
				"up": {"uv": [5, 10, 6.5, 10.5], "texture": "#1"},
				"down": {"uv": [5, 10, 6.5, 10.5], "texture": "#1"}
			}
		},
		{
			"from": [11, 12, 7.5],
			"to": [14, 13, 8.5],
			"rotation": {"angle": 0, "axis": "y", "origin": [11, 12, 0]},
			"faces": {
				"north": {"uv": [7, 9.5, 5.5, 10], "texture": "#1"},
				"east": {"uv": [6.5, 9.5, 7, 10], "texture": "#1"},
				"south": {"uv": [5.5, 9.5, 7, 10], "texture": "#1"},
				"west": {"uv": [5.5, 9.5, 6, 10], "texture": "#1"},
				"up": {"uv": [5.5, 9.5, 7, 10], "texture": "#1"},
				"down": {"uv": [5.5, 9.5, 7, 10], "texture": "#1"}
			}
		},
		{
			"from": [12, 13, 7.5],
			"to": [15, 14, 8.5],
			"rotation": {"angle": 0, "axis": "y", "origin": [12, 13, 0]},
			"faces": {
				"north": {"uv": [7.5, 9, 6, 9.5], "texture": "#1"},
				"east": {"uv": [7, 9, 7.5, 9.5], "texture": "#1"},
				"south": {"uv": [6, 9, 7.5, 9.5], "texture": "#1"},
				"west": {"uv": [6, 9, 6.5, 9.5], "texture": "#1"},
				"up": {"uv": [6, 9, 7.5, 9.5], "texture": "#1"},
				"down": {"uv": [6, 9, 7.5, 9.5], "texture": "#1"}
			}
		},
		{
			"from": [13, 14, 7.5],
			"to": [16, 15, 8.5],
			"rotation": {"angle": 0, "axis": "y", "origin": [13, 14, 0]},
			"faces": {
				"north": {"uv": [8, 8.5, 6.5, 9], "texture": "#1"},
				"east": {"uv": [7.5, 8.5, 8, 9], "texture": "#1"},
				"south": {"uv": [6.5, 8.5, 8, 9], "texture": "#1"},
				"west": {"uv": [6.5, 8.5, 7, 9], "texture": "#1"},
				"up": {"uv": [6.5, 8.5, 8, 9], "texture": "#1"},
				"down": {"uv": [6.5, 8.5, 8, 9], "texture": "#1"}
			}
		},
		{
			"from": [14, 15, 7.5],
			"to": [17, 16, 8.5],
			"rotation": {"angle": 0, "axis": "y", "origin": [14, 15, 0]},
			"faces": {
				"north": {"uv": [8.5, 8, 7, 8.5], "texture": "#1"},
				"east": {"uv": [8, 8, 8.5, 8.5], "texture": "#1"},
				"south": {"uv": [7, 8, 8.5, 8.5], "texture": "#1"},
				"west": {"uv": [7, 8, 7.5, 8.5], "texture": "#1"},
				"up": {"uv": [7, 8, 8.5, 8.5], "texture": "#1"},
				"down": {"uv": [7, 8, 8.5, 8.5], "texture": "#1"}
			}
		},
		{
			"from": [15, 16, 7.5],
			"to": [18, 17, 8.5],
			"rotation": {"angle": 0, "axis": "y", "origin": [15, 16, 0]},
			"faces": {
				"north": {"uv": [9, 7.5, 7.5, 8], "texture": "#1"},
				"east": {"uv": [8.5, 7.5, 9, 8], "texture": "#1"},
				"south": {"uv": [7.5, 7.5, 9, 8], "texture": "#1"},
				"west": {"uv": [7.5, 7.5, 8, 8], "texture": "#1"},
				"up": {"uv": [7.5, 7.5, 9, 8], "texture": "#1"},
				"down": {"uv": [7.5, 7.5, 9, 8], "texture": "#1"}
			}
		},
		{
			"from": [16, 17, 7.5],
			"to": [19, 18, 8.5],
			"rotation": {"angle": 0, "axis": "y", "origin": [16, 17, 0]},
			"faces": {
				"north": {"uv": [9.5, 7, 8, 7.5], "texture": "#1"},
				"east": {"uv": [9, 7, 9.5, 7.5], "texture": "#1"},
				"south": {"uv": [8, 7, 9.5, 7.5], "texture": "#1"},
				"west": {"uv": [8, 7, 8.5, 7.5], "texture": "#1"},
				"up": {"uv": [8, 7, 9.5, 7.5], "texture": "#1"},
				"down": {"uv": [8, 7, 9.5, 7.5], "texture": "#1"}
			}
		},
		{
			"from": [17, 18, 7.5],
			"to": [20, 19, 8.5],
			"rotation": {"angle": 0, "axis": "y", "origin": [17, 18, 0]},
			"faces": {
				"north": {"uv": [10, 6.5, 8.5, 7], "texture": "#1"},
				"east": {"uv": [9.5, 6.5, 10, 7], "texture": "#1"},
				"south": {"uv": [8.5, 6.5, 10, 7], "texture": "#1"},
				"west": {"uv": [8.5, 6.5, 9, 7], "texture": "#1"},
				"up": {"uv": [8.5, 6.5, 10, 7], "texture": "#1"},
				"down": {"uv": [8.5, 6.5, 10, 7], "texture": "#1"}
			}
		},
		{
			"from": [18, 19, 7.5],
			"to": [21, 20, 8.5],
			"rotation": {"angle": 0, "axis": "y", "origin": [18, 19, 0]},
			"faces": {
				"north": {"uv": [10.5, 6, 9, 6.5], "texture": "#1"},
				"east": {"uv": [10, 6, 10.5, 6.5], "texture": "#1"},
				"south": {"uv": [9, 6, 10.5, 6.5], "texture": "#1"},
				"west": {"uv": [9, 6, 9.5, 6.5], "texture": "#1"},
				"up": {"uv": [9, 6, 10.5, 6.5], "texture": "#1"},
				"down": {"uv": [9, 6, 10.5, 6.5], "texture": "#1"}
			}
		},
		{
			"from": [19, 20, 7.5],
			"to": [22, 21, 8.5],
			"rotation": {"angle": 0, "axis": "y", "origin": [18, 19, 0]},
			"faces": {
				"north": {"uv": [11, 5.5, 9.5, 6], "texture": "#1"},
				"east": {"uv": [10.5, 5.5, 11, 6], "texture": "#1"},
				"south": {"uv": [9.5, 5.5, 11, 6], "texture": "#1"},
				"west": {"uv": [9.5, 5.5, 10, 6], "texture": "#1"},
				"up": {"uv": [9.5, 5.5, 11, 6], "texture": "#1"},
				"down": {"uv": [9.5, 5.5, 11, 6], "texture": "#1"}
			}
		},
		{
			"from": [20, 21, 7.5],
			"to": [23, 22, 8.5],
			"rotation": {"angle": 0, "axis": "y", "origin": [18, 19, 0]},
			"faces": {
				"north": {"uv": [11.5, 5, 10, 5.5], "texture": "#1"},
				"east": {"uv": [11, 5, 11.5, 5.5], "texture": "#1"},
				"south": {"uv": [10, 5, 11.5, 5.5], "texture": "#1"},
				"west": {"uv": [10, 5, 10.5, 5.5], "texture": "#1"},
				"up": {"uv": [10, 5, 11.5, 5.5], "texture": "#1"},
				"down": {"uv": [10, 5, 11.5, 5.5], "texture": "#1"}
			}
		},
		{
			"from": [21, 22, 7.5],
			"to": [30, 23, 8.5],
			"faces": {
				"north": {"uv": [15, 4.5, 10.5, 5], "texture": "#1"},
				"east": {"uv": [14.5, 4.5, 15, 5], "texture": "#1"},
				"south": {"uv": [10.5, 4.5, 15, 5], "texture": "#1"},
				"west": {"uv": [10.5, 4.5, 11, 5], "texture": "#1"},
				"up": {"uv": [10.5, 4.5, 15, 5], "texture": "#1"},
				"down": {"uv": [10.5, 4.5, 15, 5], "texture": "#1"}
			}
		},
		{
			"from": [25, 21, 7.5],
			"to": [30, 22, 8.5],
			"faces": {
				"north": {"uv": [15, 5, 12.5, 5.5], "texture": "#1"},
				"east": {"uv": [14.5, 5, 15, 5.5], "texture": "#1"},
				"south": {"uv": [12.5, 5, 15, 5.5], "texture": "#1"},
				"west": {"uv": [12.5, 5, 13, 5.5], "texture": "#1"},
				"up": {"uv": [12.5, 5, 15, 5.5], "texture": "#1"},
				"down": {"uv": [12.5, 5, 15, 5.5], "texture": "#1"}
			}
		},
		{
			"from": [25, 20, 7.5],
			"to": [30, 21, 8.5],
			"faces": {
				"north": {"uv": [15, 5.5, 12.5, 6], "texture": "#1"},
				"east": {"uv": [14.5, 5.5, 15, 6], "texture": "#1"},
				"south": {"uv": [12.5, 5.5, 15, 6], "texture": "#1"},
				"west": {"uv": [12.5, 5.5, 13, 6], "texture": "#1"},
				"up": {"uv": [12.5, 5.5, 15, 6], "texture": "#1"},
				"down": {"uv": [12.5, 5.5, 15, 6], "texture": "#1"}
			}
		},
		{
			"from": [24, 19, 7.5],
			"to": [29, 20, 8.5],
			"faces": {
				"north": {"uv": [14.5, 6, 12, 6.5], "texture": "#1"},
				"east": {"uv": [14, 6, 14.5, 6.5], "texture": "#1"},
				"south": {"uv": [12, 6, 14.5, 6.5], "texture": "#1"},
				"west": {"uv": [12, 6, 12.5, 6.5], "texture": "#1"},
				"up": {"uv": [12, 6, 14.5, 6.5], "texture": "#1"},
				"down": {"uv": [12, 6, 14.5, 6.5], "texture": "#1"}
			}
		},
		{
			"from": [23, 18, 7.5],
			"to": [29, 19, 8.5],
			"faces": {
				"north": {"uv": [14.5, 6.5, 11.5, 7], "texture": "#1"},
				"east": {"uv": [14, 6.5, 14.5, 7], "texture": "#1"},
				"south": {"uv": [11.5, 6.5, 14.5, 7], "texture": "#1"},
				"west": {"uv": [11.5, 6.5, 12, 7], "texture": "#1"},
				"up": {"uv": [11.5, 6.5, 14.5, 7], "texture": "#1"},
				"down": {"uv": [11.5, 6.5, 14.5, 7], "texture": "#1"}
			}
		},
		{
			"from": [23, 17, 7.5],
			"to": [27, 18, 8.5],
			"faces": {
				"north": {"uv": [13.5, 7, 11.5, 7.5], "texture": "#1"},
				"east": {"uv": [13, 7, 13.5, 7.5], "texture": "#1"},
				"south": {"uv": [11.5, 7, 13.5, 7.5], "texture": "#1"},
				"west": {"uv": [11.5, 7, 12, 7.5], "texture": "#1"},
				"up": {"uv": [11.5, 7, 13.5, 7.5], "texture": "#1"},
				"down": {"uv": [11.5, 7, 13.5, 7.5], "texture": "#1"}
			}
		},
		{
			"from": [17, 24, 7.5],
			"to": [20, 25, 8.5],
			"faces": {
				"north": {"uv": [10, 3.5, 8.5, 4], "texture": "#1"},
				"east": {"uv": [9.5, 3.5, 10, 4], "texture": "#1"},
				"south": {"uv": [8.5, 3.5, 10, 4], "texture": "#1"},
				"west": {"uv": [8.5, 3.5, 9, 4], "texture": "#1"},
				"up": {"uv": [8.5, 3.5, 10, 4], "texture": "#1"},
				"down": {"uv": [8.5, 3.5, 10, 4], "texture": "#1"}
			}
		},
		{
			"from": [20, 29, 7.5],
			"to": [24, 30, 8.5],
			"faces": {
				"north": {"uv": [12, 1, 10, 1.5], "texture": "#1"},
				"east": {"uv": [11.5, 1, 12, 1.5], "texture": "#1"},
				"south": {"uv": [10, 1, 12, 1.5], "texture": "#1"},
				"west": {"uv": [10, 1, 10.5, 1.5], "texture": "#1"},
				"up": {"uv": [10, 1, 12, 1.5], "texture": "#1"},
				"down": {"uv": [10, 1, 12, 1.5], "texture": "#1"}
			}
		},
		{
			"from": [22, 23, 7.5],
			"to": [30, 24, 8.5],
			"faces": {
				"north": {"uv": [15, 4, 11, 4.5], "texture": "#1"},
				"east": {"uv": [14.5, 4, 15, 4.5], "texture": "#1"},
				"south": {"uv": [11, 4, 15, 4.5], "texture": "#1"},
				"west": {"uv": [11, 4, 11.5, 4.5], "texture": "#1"},
				"up": {"uv": [11, 4, 15, 4.5], "texture": "#1"},
				"down": {"uv": [11, 4, 15, 4.5], "texture": "#1"}
			}
		},
		{
			"from": [22, 24, 7.5],
			"to": [28, 25, 8.5],
			"faces": {
				"north": {"uv": [14, 3.5, 11, 4], "texture": "#1"},
				"east": {"uv": [13.5, 3.5, 14, 4], "texture": "#1"},
				"south": {"uv": [11, 3.5, 14, 4], "texture": "#1"},
				"west": {"uv": [11, 3.5, 11.5, 4], "texture": "#1"},
				"up": {"uv": [11, 3.5, 14, 4], "texture": "#1"},
				"down": {"uv": [11, 3.5, 14, 4], "texture": "#1"}
			}
		},
		{
			"from": [17, 25, 7.5],
			"to": [27, 26, 8.5],
			"faces": {
				"north": {"uv": [13.5, 3, 8.5, 3.5], "texture": "#1"},
				"east": {"uv": [13, 3, 13.5, 3.5], "texture": "#1"},
				"south": {"uv": [8.5, 3, 13.5, 3.5], "texture": "#1"},
				"west": {"uv": [8.5, 3, 9, 3.5], "texture": "#1"},
				"up": {"uv": [8.5, 3, 13.5, 3.5], "texture": "#1"},
				"down": {"uv": [8.5, 3, 13.5, 3.5], "texture": "#1"}
			}
		},
		{
			"from": [17, 26, 7.5],
			"to": [28, 27, 8.5],
			"faces": {
				"north": {"uv": [14, 2.5, 8.5, 3], "texture": "#1"},
				"east": {"uv": [13.5, 2.5, 14, 3], "texture": "#1"},
				"south": {"uv": [8.5, 2.5, 14, 3], "texture": "#1"},
				"west": {"uv": [8.5, 2.5, 9, 3], "texture": "#1"},
				"up": {"uv": [8.5, 2.5, 14, 3], "texture": "#1"},
				"down": {"uv": [8.5, 2.5, 14, 3], "texture": "#1"}
			}
		},
		{
			"from": [17, 23, 7.5],
			"to": [19, 24, 8.5],
			"faces": {
				"north": {"uv": [9.5, 4, 8.5, 4.5], "texture": "#1"},
				"east": {"uv": [9, 4, 9.5, 4.5], "texture": "#1"},
				"south": {"uv": [8.5, 4, 9.5, 4.5], "texture": "#1"},
				"west": {"uv": [8.5, 4, 9, 4.5], "texture": "#1"},
				"up": {"uv": [8.5, 4, 9.5, 4.5], "texture": "#1"},
				"down": {"uv": [8.5, 4, 9.5, 4.5], "texture": "#1"}
			}
		},
		{
			"from": [26, 27, 7.5],
			"to": [28, 28, 8.5],
			"faces": {
				"north": {"uv": [14, 2, 13, 2.5], "texture": "#1"},
				"east": {"uv": [13.5, 2, 14, 2.5], "texture": "#1"},
				"south": {"uv": [13, 2, 14, 2.5], "texture": "#1"},
				"west": {"uv": [13, 2, 13.5, 2.5], "texture": "#1"},
				"up": {"uv": [13, 2, 14, 2.5], "texture": "#1"},
				"down": {"uv": [13, 2, 14, 2.5], "texture": "#1"}
			}
		},
		{
			"from": [18, 27, 7.5],
			"to": [25, 28, 8.5],
			"faces": {
				"north": {"uv": [12.5, 2, 9, 2.5], "texture": "#1"},
				"east": {"uv": [12, 2, 12.5, 2.5], "texture": "#1"},
				"south": {"uv": [9, 2, 12.5, 2.5], "texture": "#1"},
				"west": {"uv": [9, 2, 9.5, 2.5], "texture": "#1"},
				"up": {"uv": [9, 2, 12.5, 2.5], "texture": "#1"},
				"down": {"uv": [9, 2, 12.5, 2.5], "texture": "#1"}
			}
		}
	],
	"gui_light": "front",
	"display": {
		"thirdperson_righthand": {
			"rotation": [0, -90, 55],
			"translation": [0, -10, 3.25],
			"scale": [0.85, 0.85, 0.85]
		},
		"thirdperson_lefthand": {
			"rotation": [0, 90, -55],
			"translation": [0, -10, 3.25],
			"scale": [0.85, 0.85, 0.85]
		},
		"firstperson_righthand": {
			"rotation": [0, -90, 25],
			"translation": [1.13, -5.05, -2.62],
			"scale": [0.68, 0.68, 0.68]
		},
		"firstperson_lefthand": {
			"rotation": [0, 90, -25],
			"translation": [1.13, -5.05, -2.62],
			"scale": [0.68, 0.68, 0.68]
		},
		"ground": {
			"translation": [0, 2, 0],
			"scale": [0.5, 0.5, 0.5]
		},
		"gui": {
			"translation": [-3.71, -3.71, 0],
			"scale": [0.52945, 0.52945, 0.52945]
		},
		"head": {
			"rotation": [0, 180, 0],
			"translation": [0, 13, 7]
		},
		"fixed": {
			"rotation": [0, -180, 0],
			"translation": [3.71, -3.71, 0],
			"scale": [0.52945, 0.52945, 0.52945]
		}
	},
	"groups": [
		{
			"name": "bigger",
			"origin": [8, 8, 8],
			"color": 0,
			"children": [0, 1, 2, 3, 4, 5, 6, 7, 8, 9, 10, 11, 12, 13, 14, 15, 16, 17, 18, 19, 20, 21, 22, 23, 24, 25, 26, 27, 28, 29, 30, 31, 32, 33, 34, 35, 36, 37]
		}
	]
}