{
	"credit": "Made with Blockbench",
	"texture_size": [32, 32],
	"textures": {
		"0": "item/small_shield"
	},
	"elements": [
		{
			"from": [2, 0, 9],
			"to": [14, 12, 10],
			"faces": {
				"north": {"uv": [7, 10, 13, 16], "texture": "#0"},
				"east": {"uv": [6.5, 10, 7, 16], "texture": "#0"},
				"south": {"uv": [0.5, 10, 6.5, 16], "texture": "#0"},
				"west": {"uv": [0, 10, 0.5, 16], "texture": "#0"},
				"up": {"uv": [0.5, 9.5, 6.5, 10], "texture": "#0"},
				"down": {"uv": [6.5, 9.5, 12.5, 10], "texture": "#0"}
			}
		},
		{
			"from": [7, 3, 3],
			"to": [9, 9, 9],
			"faces": {
				"north": {"uv": [13, 10, 14, 13], "texture": "#0"},
				"east": {"uv": [13, 13, 16, 16], "texture": "#0"},
				"south": {"uv": [13, 10, 14, 13], "texture": "#0"},
				"west": {"uv": [13, 13, 16, 16], "texture": "#0"},
				"up": {"uv": [13, 10, 14, 13], "texture": "#0"},
				"down": {"uv": [13, 10, 14, 13], "texture": "#0"}
			}
		}
	],
	"gui_light": "front",
	"display": {
		"thirdperson_righthand": {
			"rotation": [0, 90, 0],
			"translation": [2.5, 0, 3.5]
		},
		"thirdperson_lefthand": {
			"rotation": [0, 90, 0],
			"translation": [2.5, 0, 3.5]
		},
		"firstperson_righthand": {
			"rotation": [0, -180, 6],
			"translation": [2, -0.25, 0]
		},
		"firstperson_lefthand": {
			"rotation": [0, -180, 6],
			"translation": [2, -0.25, 0]
		},
		"ground": {
			"translation": [0, 2, 0],
			"scale": [0.5, 0.5, 0.5]
		},
		"gui": {
			"rotation": [15, -25, -5],
			"translation": [0.5, 2, -1],
			"scale": [0.8, 0.85, 0.8]
		},
		"fixed": {
			"rotation": [0, -180, 0],
			"translation": [0, 2.5, 0],
			"scale": [1.25, 1.25, 1.25]
		}
	}
}