{
	"credit": "Made with Blockbench",
	"textures": {
		"0": "item/sword_stronghold_compass_locating",
		"particle": "item/sword_stronghold_compass_locating"
	},
	"elements": [
		{
			"from": [5, 2, 7.5],
			"to": [11, 3, 8.5],
			"faces": {
				"north": {"uv": [5, 13, 11, 14], "texture": "#0"},
				"east": {"uv": [10, 13, 11, 14], "texture": "#0"},
				"south": {"uv": [5, 13, 11, 14], "texture": "#0"},
				"west": {"uv": [5, 13, 6, 14], "texture": "#0"},
				"up": {"uv": [5, 13, 11, 14], "texture": "#0"},
				"down": {"uv": [5, 13, 11, 14], "texture": "#0"}
			}
		},
		{
			"from": [5, 13, 7.5],
			"to": [11, 14, 8.5],
			"faces": {
				"north": {"uv": [5, 2, 11, 3], "texture": "#0"},
				"east": {"uv": [10, 2, 11, 3], "texture": "#0"},
				"south": {"uv": [5, 2, 11, 3], "texture": "#0"},
				"west": {"uv": [5, 2, 6, 3], "texture": "#0"},
				"up": {"uv": [5, 2, 11, 3], "texture": "#0"},
				"down": {"uv": [5, 2, 11, 3], "texture": "#0"}
			}
		},
		{
			"from": [3, 12, 7.5],
			"to": [13, 13, 8.5],
			"faces": {
				"north": {"uv": [3, 3, 13, 4], "texture": "#0"},
				"east": {"uv": [12, 3, 13, 4], "texture": "#0"},
				"south": {"uv": [3, 3, 13, 4], "texture": "#0"},
				"west": {"uv": [3, 3, 4, 4], "texture": "#0"},
				"up": {"uv": [3, 3, 13, 4], "texture": "#0"},
				"down": {"uv": [3, 3, 13, 4], "texture": "#0"}
			}
		},
		{
			"from": [3, 3, 7.5],
			"to": [13, 4, 8.5],
			"faces": {
				"north": {"uv": [3, 12, 13, 13], "texture": "#0"},
				"east": {"uv": [12, 12, 13, 13], "texture": "#0"},
				"south": {"uv": [3, 12, 13, 13], "texture": "#0"},
				"west": {"uv": [3, 12, 4, 13], "texture": "#0"},
				"up": {"uv": [3, 12, 13, 13], "texture": "#0"},
				"down": {"uv": [3, 12, 13, 13], "texture": "#0"}
			}
		},
		{
			"from": [2, 4, 7.5],
			"to": [14, 5, 8.5],
			"faces": {
				"north": {"uv": [2, 11, 14, 12], "texture": "#0"},
				"east": {"uv": [13, 11, 14, 12], "texture": "#0"},
				"south": {"uv": [2, 11, 14, 12], "texture": "#0"},
				"west": {"uv": [2, 11, 3, 12], "texture": "#0"},
				"up": {"uv": [2, 11, 14, 12], "texture": "#0"},
				"down": {"uv": [2, 11, 14, 12], "texture": "#0"}
			}
		},
		{
			"from": [2, 11, 7.5],
			"to": [14, 12, 8.5],
			"faces": {
				"north": {"uv": [2, 4, 14, 5], "texture": "#0"},
				"east": {"uv": [13, 4, 14, 5], "texture": "#0"},
				"south": {"uv": [2, 4, 14, 5], "texture": "#0"},
				"west": {"uv": [2, 4, 3, 5], "texture": "#0"},
				"up": {"uv": [2, 4, 14, 5], "texture": "#0"},
				"down": {"uv": [2, 4, 14, 5], "texture": "#0"}
			}
		},
		{
			"from": [1, 5, 7.5],
			"to": [15, 11, 8.5],
			"faces": {
				"north": {"uv": [1, 5, 15, 11], "texture": "#0"},
				"east": {"uv": [14, 5, 15, 11], "texture": "#0"},
				"south": {"uv": [1, 5, 15, 11], "texture": "#0"},
				"west": {"uv": [1, 5, 2, 11], "texture": "#0"},
				"up": {"uv": [1, 5, 15, 6], "texture": "#0"},
				"down": {"uv": [1, 10, 15, 11], "texture": "#0"}
			}
		}
	],
	"gui_light": "front",
	"display": {
		"thirdperson_righthand": {
			"translation": [0, 3, 1],
			"scale": [0.55, 0.55, 0.55]
		},
		"thirdperson_lefthand": {
			"translation": [0, 3, 1],
			"scale": [0.55, 0.55, 0.55]
		},
		"firstperson_righthand": {
			"rotation": [0, -90, 25],
			"translation": [1.13, 3.2, 1.13],
			"scale": [0.68, 0.68, 0.68]
		},
		"firstperson_lefthand": {
			"rotation": [0, -90, 25],
			"translation": [1.13, 3.2, 1.13],
			"scale": [0.68, 0.68, 0.68]
		},
		"ground": {
			"translation": [0, 2, 0],
			"scale": [0.5, 0.5, 0.5]
		},
		"head": {
			"rotation": [0, 180, 0],
			"translation": [0, 13, 7]
		}
	}
}