[
    {
        "function": "minecraft:set_nbt",
        "tag": "{AttributeModifiers:[{AttributeName:\"generic.attack_damage\",Amount:3.5,Slot:mainhand,Name:\"generic.attack_damage\",UUID:[I;-12271,7208,121624,-14416]},{AttributeName:\"generic.attack_speed\",Amount:-2.747826087,Slot:mainhand,Name:\"generic.attack_speed\",UUID:[I;-12271,7408,121624,-14816]}]}",
        "conditions": [
            {
                "condition": "minecraft:entity_properties",
                "entity": "this",
                "predicate": {
                    "nbt": "{SelectedItem:{id:\"minecraft:iron_sword\"}}"
                }
            },
            {
                "condition": "minecraft:inverted",
                "term": {
                    "condition": "minecraft:entity_properties",
                    "entity": "this",
                    "predicate": {
                        "nbt": "{ActiveEffects:[{Id:13}]}"
                    }
                }
            },
            {
                "condition": "minecraft:inverted",
                "term": {
                    "condition": "minecraft:entity_properties",
                    "entity": "this",
                    "predicate": {
                        "nbt": "{ActiveEffects:[{Id:29}]}"
                    }
                }
            }
        ]
    },
    {
        "function": "minecraft:set_nbt",
        "tag": "{AttributeModifiers:[{AttributeName:\"generic.attack_damage\",Amount:3.75,Slot:mainhand,Name:\"generic.attack_damage\",UUID:[I;-12271,7208,121624,-14416]},{AttributeName:\"generic.attack_speed\",Amount:-2.8,Slot:mainhand,Name:\"generic.attack_speed\",UUID:[I;-12271,7408,121624,-14816]}]}",
        "conditions": [
            {
                "condition": "minecraft:entity_properties",
                "entity": "this",
                "predicate": {
                    "nbt": "{SelectedItem:{id:\"minecraft:iron_sword\"}}"
                }
            },
            {
                "condition": "minecraft:alternative",
                "terms": [
                    {
                        "condition": "minecraft:entity_properties",
                        "entity": "this",
                        "predicate": {
                            "nbt": "{ActiveEffects:[{Id:13}]}"
                        }
                    },{
                        "condition": "minecraft:entity_properties",
                        "entity": "this",
                        "predicate": {
                            "nbt": "{ActiveEffects:[{Id:29}]}"
                        }
                    }
                ]
            },
            {
                "condition": "minecraft:inverted",
                "term": {
                    "condition": "minecraft:entity_properties",
                    "entity": "this",
                    "predicate": {
                        "nbt": "{ActiveEffects:[{Id:13},{Id:29}]}"
                    }
                }
            }
        ]
    },
    {
        "function": "minecraft:set_nbt",
        "tag": "{AttributeModifiers:[{AttributeName:\"generic.attack_damage\",Amount:4.25,Slot:mainhand,Name:\"generic.attack_damage\",UUID:[I;-12271,7208,121624,-14416]},{AttributeName:\"generic.attack_speed\",Amount:-2.848,Slot:mainhand,Name:\"generic.attack_speed\",UUID:[I;-12271,7408,121624,-14816]}]}",
        "conditions": [
            {
                "condition": "minecraft:entity_properties",
                "entity": "this",
                "predicate": {
                    "nbt": "{SelectedItem:{id:\"minecraft:iron_sword\"},ActiveEffects:[{Id:13},{Id:29}]}"
                }
            }
        ]
    },



    {
        "function": "minecraft:set_nbt",
        "tag": "{AttributeModifiers:[{AttributeName:\"generic.attack_damage\",Amount:4.5,Slot:mainhand,Name:\"generic.attack_damage\",UUID:[I;-12271,7208,121624,-14416]},{AttributeName:\"generic.attack_speed\",Amount:-2.696296296,Slot:mainhand,Name:\"generic.attack_speed\",UUID:[I;-12271,7408,121624,-14816]}]}",
        "conditions": [
            {
                "condition": "minecraft:entity_properties",
                "entity": "this",
                "predicate": {
                    "nbt": "{SelectedItem:{id:\"minecraft:diamond_sword\"}}"
                }
            },
            {
                "condition": "minecraft:inverted",
                "term": {
                    "condition": "minecraft:entity_properties",
                    "entity": "this",
                    "predicate": {
                        "nbt": "{ActiveEffects:[{Id:13}]}"
                    }
                }
            },
            {
                "condition": "minecraft:inverted",
                "term": {
                    "condition": "minecraft:entity_properties",
                    "entity": "this",
                    "predicate": {
                        "nbt": "{ActiveEffects:[{Id:29}]}"
                    }
                }
            }
        ]
    },
    {
        "function": "minecraft:set_nbt",
        "tag": "{AttributeModifiers:[{AttributeName:\"generic.attack_damage\",Amount:4.75,Slot:mainhand,Name:\"generic.attack_damage\",UUID:[I;-12271,7208,121624,-14416]},{AttributeName:\"generic.attack_speed\",Amount:-2.742857143,Slot:mainhand,Name:\"generic.attack_speed\",UUID:[I;-12271,7408,121624,-14816]}]}",
        "conditions": [
            {
                "condition": "minecraft:entity_properties",
                "entity": "this",
                "predicate": {
                    "nbt": "{SelectedItem:{id:\"minecraft:diamond_sword\"}}"
                }
            },
            {
                "condition": "minecraft:alternative",
                "terms": [
                    {
                        "condition": "minecraft:entity_properties",
                        "entity": "this",
                        "predicate": {
                            "nbt": "{ActiveEffects:[{Id:13}]}"
                        }
                    },{
                        "condition": "minecraft:entity_properties",
                        "entity": "this",
                        "predicate": {
                            "nbt": "{ActiveEffects:[{Id:29}]}"
                        }
                    }
                ]
            },
            {
                "condition": "minecraft:inverted",
                "term": {
                    "condition": "minecraft:entity_properties",
                    "entity": "this",
                    "predicate": {
                        "nbt": "{ActiveEffects:[{Id:13},{Id:29}]}"
                    }
                }
            }
        ]
    },
    {
        "function": "minecraft:set_nbt",
        "tag": "{AttributeModifiers:[{AttributeName:\"generic.attack_damage\",Amount:5.25,Slot:mainhand,Name:\"generic.attack_damage\",UUID:[I;-12271,7208,121624,-14416]},{AttributeName:\"generic.attack_speed\",Amount:-2.786206897,Slot:mainhand,Name:\"generic.attack_speed\",UUID:[I;-12271,7408,121624,-14816]}]}",
        "conditions": [
            {
                "condition": "minecraft:entity_properties",
                "entity": "this",
                "predicate": {
                    "nbt": "{SelectedItem:{id:\"minecraft:diamond_sword\"},ActiveEffects:[{Id:13},{Id:29}]}"
                }
            }
        ]
    },



    {
        "function": "minecraft:set_nbt",
        "tag": "{AttributeModifiers:[{AttributeName:\"generic.attack_damage\",Amount:4.5,Slot:mainhand,Name:\"generic.attack_damage\",UUID:[I;-12271,7208,121624,-14416]},{AttributeName:\"generic.attack_speed\",Amount:-2.658064516,Slot:mainhand,Name:\"generic.attack_speed\",UUID:[I;-12271,7408,121624,-14816]}]}",
        "conditions": [
            {
                "condition": "minecraft:entity_properties",
                "entity": "this",
                "predicate": {
                    "nbt": "{SelectedItem:{id:\"minecraft:netherite_sword\"}}"
                }
            },
            {
                "condition": "minecraft:inverted",
                "term": {
                    "condition": "minecraft:entity_properties",
                    "entity": "this",
                    "predicate": {
                        "nbt": "{ActiveEffects:[{Id:13}]}"
                    }
                }
            },
            {
                "condition": "minecraft:inverted",
                "term": {
                    "condition": "minecraft:entity_properties",
                    "entity": "this",
                    "predicate": {
                        "nbt": "{ActiveEffects:[{Id:29}]}"
                    }
                }
            }
        ]
    },
    {
        "function": "minecraft:set_nbt",
        "tag": "{AttributeModifiers:[{AttributeName:\"generic.attack_damage\",Amount:4.75,Slot:mainhand,Name:\"generic.attack_damage\",UUID:[I;-12271,7208,121624,-14416]},{AttributeName:\"generic.attack_speed\",Amount:-2.7,Slot:mainhand,Name:\"generic.attack_speed\",UUID:[I;-12271,7408,121624,-14816]}]}",
        "conditions": [
            {
                "condition": "minecraft:entity_properties",
                "entity": "this",
                "predicate": {
                    "nbt": "{SelectedItem:{id:\"minecraft:netherite_sword\"}}"
                }
            },
            {
                "condition": "minecraft:alternative",
                "terms": [
                    {
                        "condition": "minecraft:entity_properties",
                        "entity": "this",
                        "predicate": {
                            "nbt": "{ActiveEffects:[{Id:13}]}"
                        }
                    },{
                        "condition": "minecraft:entity_properties",
                        "entity": "this",
                        "predicate": {
                            "nbt": "{ActiveEffects:[{Id:29}]}"
                        }
                    }
                ]
            },
            {
                "condition": "minecraft:inverted",
                "term": {
                    "condition": "minecraft:entity_properties",
                    "entity": "this",
                    "predicate": {
                        "nbt": "{ActiveEffects:[{Id:13},{Id:29}]}"
                    }
                }
            }
        ]
    },
    {
        "function": "minecraft:set_nbt",
        "tag": "{AttributeModifiers:[{AttributeName:\"generic.attack_damage\",Amount:5.25,Slot:mainhand,Name:\"generic.attack_damage\",UUID:[I;-12271,7208,121624,-14416]},{AttributeName:\"generic.attack_speed\",Amount:-2.786206897,Slot:mainhand,Name:\"generic.attack_speed\",UUID:[I;-12271,7408,121624,-14816]}]}",
        "conditions": [
            {
                "condition": "minecraft:entity_properties",
                "entity": "this",
                "predicate": {
                    "nbt": "{SelectedItem:{id:\"minecraft:netherite_sword\"},ActiveEffects:[{Id:13},{Id:29}]}"
                }
            }
        ]
    }
]