[
    {
        "function": "minecraft:set_nbt",
        "tag": "{AttributeModifiers:[{AttributeName:\"generic.attack_damage\",Amount:7.25,Slot:mainhand,Name:\"generic.attack_damage\",UUID:[I;-12271,7208,121624,-14416]},{AttributeName:\"generic.attack_speed\",Amount:-3.04,Slot:mainhand,Name:\"generic.attack_speed\",UUID:[I;-12271,7408,121624,-14816]},{AttributeName:\"generic.armor\",Amount:4,Slot:mainhand,Name:\"generic.armor\",UUID:[I;-12271,7408,121624,-14816]},{AttributeName:\"generic.movement_speed\",Amount:-0.125,Slot:mainhand,Operation:1,Name:\"generic.movement_speed\",UUID:[I;-12271,7408,121624,-14816]}]}",
        "conditions": [
            {
                "condition": "entity_properties",
                "entity": "this",
                "predicate": {
                    "nbt": "{SelectedItem:{id:\"minecraft:iron_sword\"},OnGround:1b}"
                }
            },
            {
                "condition": "inverted",
                "term": {
                    "condition": "entity_properties",
                    "entity": "this",
                    "predicate": {
                        "nbt": "{Inventory:[{Slot:-106b}]}"
                    }
                }
            }
        ]
    },
    {
        "function": "minecraft:set_nbt",
        "tag": "{AttributeModifiers:[{AttributeName:\"generic.attack_damage\",Amount:7.25,Slot:mainhand,Name:\"generic.attack_damage\",UUID:[I;-12271,7208,121624,-14416]},{AttributeName:\"generic.attack_speed\",Amount:-3.079452055,Slot:mainhand,Name:\"generic.attack_speed\",UUID:[I;-12271,7408,121624,-14816]},{AttributeName:\"generic.armor\",Amount:4,Slot:mainhand,Name:\"generic.armor\",UUID:[I;-12271,7408,121624,-14816]},{AttributeName:\"generic.movement_speed\",Amount:-0.125,Slot:mainhand,Operation:1,Name:\"generic.movement_speed\",UUID:[I;-12271,7408,121624,-14816]}]}",
        "conditions": [
            {
                "condition": "entity_properties",
                "entity": "this",
                "predicate": {
                    "nbt": "{SelectedItem:{id:\"minecraft:iron_sword\"},OnGround:1b,Inventory:[{Slot:-106b,tag:{Custom:smallshield}}]}"
                }
            }
        ]
    },
    {
        "function": "minecraft:set_nbt",
        "tag": "{AttributeModifiers:[{AttributeName:\"generic.attack_damage\",Amount:7.25,Slot:mainhand,Name:\"generic.attack_damage\",UUID:[I;-12271,7208,121624,-14416]},{AttributeName:\"generic.attack_speed\",Amount:-3.115789474,Slot:mainhand,Name:\"generic.attack_speed\",UUID:[I;-12271,7408,121624,-14816]},{AttributeName:\"generic.armor\",Amount:4,Slot:mainhand,Name:\"generic.armor\",UUID:[I;-12271,7408,121624,-14816]},{AttributeName:\"generic.movement_speed\",Amount:-0.125,Slot:mainhand,Operation:1,Name:\"generic.movement_speed\",UUID:[I;-12271,7408,121624,-14816]}]}",
        "conditions": [
            {
                "condition": "entity_properties",
                "entity": "this",
                "predicate": {
                    "nbt": "{SelectedItem:{id:\"minecraft:iron_sword\"},OnGround:1b,Inventory:[{Slot:-106b}]}"
                }
            },
            {
                "condition": "inverted",
                "term": {
                    "condition": "entity_properties",
                    "entity": "this",
                    "predicate": {
                        "nbt": "{Inventory:[{Slot:-106b,tag:{Custom:smallshield}}]}"
                    }
                }
            }
        ]
    },



    {
        "function": "minecraft:set_nbt",
        "tag": "{AttributeModifiers:[{AttributeName:\"generic.attack_damage\",Amount:7.5,Slot:mainhand,Name:\"generic.attack_damage\",UUID:[I;-12271,7208,121624,-14416]},{AttributeName:\"generic.attack_speed\",Amount:-3.04,Slot:mainhand,Name:\"generic.attack_speed\",UUID:[I;-12271,7408,121624,-14816]},{AttributeName:\"generic.armor\",Amount:4,Slot:mainhand,Name:\"generic.armor\",UUID:[I;-12271,7408,121624,-14816]},{AttributeName:\"generic.movement_speed\",Amount:-0.125,Slot:mainhand,Operation:1,Name:\"generic.movement_speed\",UUID:[I;-12271,7408,121624,-14816]}]}",
        "conditions": [
            {
                "condition": "entity_properties",
                "entity": "this",
                "predicate": {
                    "nbt": "{SelectedItem:{id:\"minecraft:iron_sword\"},OnGround:0b}"
                }
            },
            {
                "condition": "inverted",
                "term": {
                    "condition": "entity_properties",
                    "entity": "this",
                    "predicate": {
                        "nbt": "{Inventory:[{Slot:-106b}]}"
                    }
                }
            },
            {
                "condition": "entity_scores",
                "entity": "this",
                "scores": {
                    "greatsword_motion": {
                        "min": -2147483648,
                        "max": -850
                    }
                }
            }
        ]
    },
    {
        "function": "minecraft:set_nbt",
        "tag": "{AttributeModifiers:[{AttributeName:\"generic.attack_damage\",Amount:7.5,Slot:mainhand,Name:\"generic.attack_damage\",UUID:[I;-12271,7208,121624,-14416]},{AttributeName:\"generic.attack_speed\",Amount:-3.079452055,Slot:mainhand,Name:\"generic.attack_speed\",UUID:[I;-12271,7408,121624,-14816]},{AttributeName:\"generic.armor\",Amount:4,Slot:mainhand,Name:\"generic.armor\",UUID:[I;-12271,7408,121624,-14816]},{AttributeName:\"generic.movement_speed\",Amount:-0.125,Slot:mainhand,Operation:1,Name:\"generic.movement_speed\",UUID:[I;-12271,7408,121624,-14816]}]}",
        "conditions": [
            {
                "condition": "entity_properties",
                "entity": "this",
                "predicate": {
                    "nbt": "{SelectedItem:{id:\"minecraft:iron_sword\"},OnGround:1b,Inventory:[{Slot:-106b,tag:{Custom:smallshield}}]}"
                }
            }
        ]
    },
    {
        "function": "minecraft:set_nbt",
        "tag": "{AttributeModifiers:[{AttributeName:\"generic.attack_damage\",Amount:7.5,Slot:mainhand,Name:\"generic.attack_damage\",UUID:[I;-12271,7208,121624,-14416]},{AttributeName:\"generic.attack_speed\",Amount:-3.115789474,Slot:mainhand,Name:\"generic.attack_speed\",UUID:[I;-12271,7408,121624,-14816]},{AttributeName:\"generic.armor\",Amount:4,Slot:mainhand,Name:\"generic.armor\",UUID:[I;-12271,7408,121624,-14816]},{AttributeName:\"generic.movement_speed\",Amount:-0.125,Slot:mainhand,Operation:1,Name:\"generic.movement_speed\",UUID:[I;-12271,7408,121624,-14816]}]}",
        "conditions": [
            {
                "condition": "entity_properties",
                "entity": "this",
                "predicate": {
                    "nbt": "{SelectedItem:{id:\"minecraft:iron_sword\"},OnGround:0b,Inventory:[{Slot:-106b}]}"
                }
            },
            {
                "condition": "inverted",
                "term": {
                    "condition": "entity_properties",
                    "entity": "this",
                    "predicate": {
                        "nbt": "{Inventory:[{Slot:-106b,tag:{Custom:smallshield}}]}"
                    }
                }
            },
            {
                "condition": "entity_scores",
                "entity": "this",
                "scores": {
                    "greatsword_motion": {
                        "min": -2147483648,
                        "max": -850
                    }
                }
            }
        ]
    },



    {
        "function": "minecraft:set_nbt",
        "tag": "{AttributeModifiers:[{AttributeName:\"generic.attack_damage\",Amount:8.25,Slot:mainhand,Name:\"generic.attack_damage\",UUID:[I;-12271,7208,121624,-14416]},{AttributeName:\"generic.attack_speed\",Amount:-3.04,Slot:mainhand,Name:\"generic.attack_speed\",UUID:[I;-12271,7408,121624,-14816]},{AttributeName:\"generic.armor\",Amount:4,Slot:mainhand,Name:\"generic.armor\",UUID:[I;-12271,7408,121624,-14816]},{AttributeName:\"generic.movement_speed\",Amount:-0.125,Slot:mainhand,Operation:1,Name:\"generic.movement_speed\",UUID:[I;-12271,7408,121624,-14816]}]}",
        "conditions": [
            {
                "condition": "entity_properties",
                "entity": "this",
                "predicate": {
                    "nbt": "{SelectedItem:{id:\"minecraft:diamond_sword\"},OnGround:1b}"
                }
            },
            {
                "condition": "inverted",
                "term": {
                    "condition": "entity_properties",
                    "entity": "this",
                    "predicate": {
                        "nbt": "{Inventory:[{Slot:-106b}]}"
                    }
                }
            }
        ]
    },
    {
        "function": "minecraft:set_nbt",
        "tag": "{AttributeModifiers:[{AttributeName:\"generic.attack_damage\",Amount:8.25,Slot:mainhand,Name:\"generic.attack_damage\",UUID:[I;-12271,7208,121624,-14416]},{AttributeName:\"generic.attack_speed\",Amount:-3.079452055,Slot:mainhand,Name:\"generic.attack_speed\",UUID:[I;-12271,7408,121624,-14816]},{AttributeName:\"generic.armor\",Amount:4,Slot:mainhand,Name:\"generic.armor\",UUID:[I;-12271,7408,121624,-14816]},{AttributeName:\"generic.movement_speed\",Amount:-0.125,Slot:mainhand,Operation:1,Name:\"generic.movement_speed\",UUID:[I;-12271,7408,121624,-14816]}]}",
        "conditions": [
            {
                "condition": "entity_properties",
                "entity": "this",
                "predicate": {
                    "nbt": "{SelectedItem:{id:\"minecraft:diamond_sword\"},OnGround:1b,Inventory:[{Slot:-106b,tag:{Custom:smallshield}}]}"
                }
            }
        ]
    },
    {
        "function": "minecraft:set_nbt",
        "tag": "{AttributeModifiers:[{AttributeName:\"generic.attack_damage\",Amount:8.25,Slot:mainhand,Name:\"generic.attack_damage\",UUID:[I;-12271,7208,121624,-14416]},{AttributeName:\"generic.attack_speed\",Amount:-3.115789474,Slot:mainhand,Name:\"generic.attack_speed\",UUID:[I;-12271,7408,121624,-14816]},{AttributeName:\"generic.armor\",Amount:4,Slot:mainhand,Name:\"generic.armor\",UUID:[I;-12271,7408,121624,-14816]},{AttributeName:\"generic.movement_speed\",Amount:-0.125,Slot:mainhand,Operation:1,Name:\"generic.movement_speed\",UUID:[I;-12271,7408,121624,-14816]}]}",
        "conditions": [
            {
                "condition": "entity_properties",
                "entity": "this",
                "predicate": {
                    "nbt": "{SelectedItem:{id:\"minecraft:diamond_sword\"},OnGround:1b,Inventory:[{Slot:-106b}]}"
                }
            },
            {
                "condition": "inverted",
                "term": {
                    "condition": "entity_properties",
                    "entity": "this",
                    "predicate": {
                        "nbt": "{Inventory:[{Slot:-106b,tag:{Custom:smallshield}}]}"
                    }
                }
            }
        ]
    },



    {
        "function": "minecraft:set_nbt",
        "tag": "{AttributeModifiers:[{AttributeName:\"generic.attack_damage\",Amount:8.5,Slot:mainhand,Name:\"generic.attack_damage\",UUID:[I;-12271,7208,121624,-14416]},{AttributeName:\"generic.attack_speed\",Amount:-3.04,Slot:mainhand,Name:\"generic.attack_speed\",UUID:[I;-12271,7408,121624,-14816]},{AttributeName:\"generic.armor\",Amount:4,Slot:mainhand,Name:\"generic.armor\",UUID:[I;-12271,7408,121624,-14816]},{AttributeName:\"generic.movement_speed\",Amount:-0.125,Slot:mainhand,Operation:1,Name:\"generic.movement_speed\",UUID:[I;-12271,7408,121624,-14816]}]}",
        "conditions": [
            {
                "condition": "entity_properties",
                "entity": "this",
                "predicate": {
                    "nbt": "{SelectedItem:{id:\"minecraft:diamond_sword\"},OnGround:0b}"
                }
            },
            {
                "condition": "inverted",
                "term": {
                    "condition": "entity_properties",
                    "entity": "this",
                    "predicate": {
                        "nbt": "{Inventory:[{Slot:-106b}]}"
                    }
                }
            },
            {
                "condition": "entity_scores",
                "entity": "this",
                "scores": {
                    "greatsword_motion": {
                        "min": -2147483648,
                        "max": -850
                    }
                }
            }
        ]
    },
    {
        "function": "minecraft:set_nbt",
        "tag": "{AttributeModifiers:[{AttributeName:\"generic.attack_damage\",Amount:8.5,Slot:mainhand,Name:\"generic.attack_damage\",UUID:[I;-12271,7208,121624,-14416]},{AttributeName:\"generic.attack_speed\",Amount:-3.079452055,Slot:mainhand,Name:\"generic.attack_speed\",UUID:[I;-12271,7408,121624,-14816]},{AttributeName:\"generic.armor\",Amount:4,Slot:mainhand,Name:\"generic.armor\",UUID:[I;-12271,7408,121624,-14816]},{AttributeName:\"generic.movement_speed\",Amount:-0.125,Slot:mainhand,Operation:1,Name:\"generic.movement_speed\",UUID:[I;-12271,7408,121624,-14816]}]}",
        "conditions": [
            {
                "condition": "entity_properties",
                "entity": "this",
                "predicate": {
                    "nbt": "{SelectedItem:{id:\"minecraft:diamond_sword\"},OnGround:1b,Inventory:[{Slot:-106b,tag:{Custom:smallshield}}]}"
                }
            }
        ]
    },
    {
        "function": "minecraft:set_nbt",
        "tag": "{AttributeModifiers:[{AttributeName:\"generic.attack_damage\",Amount:8.5,Slot:mainhand,Name:\"generic.attack_damage\",UUID:[I;-12271,7208,121624,-14416]},{AttributeName:\"generic.attack_speed\",Amount:-3.115789474,Slot:mainhand,Name:\"generic.attack_speed\",UUID:[I;-12271,7408,121624,-14816]},{AttributeName:\"generic.armor\",Amount:4,Slot:mainhand,Name:\"generic.armor\",UUID:[I;-12271,7408,121624,-14816]},{AttributeName:\"generic.movement_speed\",Amount:-0.125,Slot:mainhand,Operation:1,Name:\"generic.movement_speed\",UUID:[I;-12271,7408,121624,-14816]}]}",
        "conditions": [
            {
                "condition": "entity_properties",
                "entity": "this",
                "predicate": {
                    "nbt": "{SelectedItem:{id:\"minecraft:diamond_sword\"},OnGround:0b,Inventory:[{Slot:-106b}]}"
                }
            },
            {
                "condition": "inverted",
                "term": {
                    "condition": "entity_properties",
                    "entity": "this",
                    "predicate": {
                        "nbt": "{Inventory:[{Slot:-106b,tag:{Custom:smallshield}}]}"
                    }
                }
            },
            {
                "condition": "entity_scores",
                "entity": "this",
                "scores": {
                    "greatsword_motion": {
                        "min": -2147483648,
                        "max": -850
                    }
                }
            }
        ]
    },



    {
        "function": "minecraft:set_nbt",
        "tag": "{AttributeModifiers:[{AttributeName:\"generic.attack_damage\",Amount:9.25,Slot:mainhand,Name:\"generic.attack_damage\",UUID:[I;-12271,7208,121624,-14416]},{AttributeName:\"generic.attack_speed\",Amount:-2.920930233,Slot:mainhand,Name:\"generic.attack_speed\",UUID:[I;-12271,7408,121624,-14816]},{AttributeName:\"generic.armor\",Amount:4,Slot:mainhand,Name:\"generic.armor\",UUID:[I;-12271,7408,121624,-14816]},{AttributeName:\"generic.movement_speed\",Amount:-0.125,Slot:mainhand,Operation:1,Name:\"generic.movement_speed\",UUID:[I;-12271,7408,121624,-14816]}]}",
        "conditions": [
            {
                "condition": "entity_properties",
                "entity": "this",
                "predicate": {
                    "nbt": "{SelectedItem:{id:\"minecraft:netherite_sword\"},OnGround:1b}"
                }
            },
            {
                "condition": "inverted",
                "term": {
                    "condition": "entity_properties",
                    "entity": "this",
                    "predicate": {
                        "nbt": "{Inventory:[{Slot:-106b}]}"
                    }
                }
            }
        ]
    },
    {
        "function": "minecraft:set_nbt",
        "tag": "{AttributeModifiers:[{AttributeName:\"generic.attack_damage\",Amount:9.25,Slot:mainhand,Name:\"generic.attack_damage\",UUID:[I;-12271,7208,121624,-14416]},{AttributeName:\"generic.attack_speed\",Amount:-2.957303371,Slot:mainhand,Name:\"generic.attack_speed\",UUID:[I;-12271,7408,121624,-14816]},{AttributeName:\"generic.armor\",Amount:4,Slot:mainhand,Name:\"generic.armor\",UUID:[I;-12271,7408,121624,-14816]},{AttributeName:\"generic.movement_speed\",Amount:-0.125,Slot:mainhand,Operation:1,Name:\"generic.movement_speed\",UUID:[I;-12271,7408,121624,-14816]}]}",
        "conditions": [
            {
                "condition": "entity_properties",
                "entity": "this",
                "predicate": {
                    "nbt": "{SelectedItem:{id:\"minecraft:netherite_sword\"},OnGround:1b,Inventory:[{Slot:-106b,tag:{Custom:smallshield}}]}"
                }
            }
        ]
    },
    {
        "function": "minecraft:set_nbt",
        "tag": "{AttributeModifiers:[{AttributeName:\"generic.attack_damage\",Amount:9.25,Slot:mainhand,Name:\"generic.attack_damage\",UUID:[I;-12271,7208,121624,-14416]},{AttributeName:\"generic.attack_speed\",Amount:-2.991304348,Slot:mainhand,Name:\"generic.attack_speed\",UUID:[I;-12271,7408,121624,-14816]},{AttributeName:\"generic.armor\",Amount:4,Slot:mainhand,Name:\"generic.armor\",UUID:[I;-12271,7408,121624,-14816]},{AttributeName:\"generic.movement_speed\",Amount:-0.125,Slot:mainhand,Operation:1,Name:\"generic.movement_speed\",UUID:[I;-12271,7408,121624,-14816]}]}",
        "conditions": [
            {
                "condition": "entity_properties",
                "entity": "this",
                "predicate": {
                    "nbt": "{SelectedItem:{id:\"minecraft:netherite_sword\"},OnGround:1b,Inventory:[{Slot:-106b}]}"
                }
            },
            {
                "condition": "inverted",
                "term": {
                    "condition": "entity_properties",
                    "entity": "this",
                    "predicate": {
                        "nbt": "{Inventory:[{Slot:-106b,tag:{Custom:smallshield}}]}"
                    }
                }
            }
        ]
    },



    {
        "function": "minecraft:set_nbt",
        "tag": "{AttributeModifiers:[{AttributeName:\"generic.attack_damage\",Amount:9.5,Slot:mainhand,Name:\"generic.attack_damage\",UUID:[I;-12271,7208,121624,-14416]},{AttributeName:\"generic.attack_speed\",Amount:-2.920930233,Slot:mainhand,Name:\"generic.attack_speed\",UUID:[I;-12271,7408,121624,-14816]},{AttributeName:\"generic.armor\",Amount:4,Slot:mainhand,Name:\"generic.armor\",UUID:[I;-12271,7408,121624,-14816]},{AttributeName:\"generic.movement_speed\",Amount:-0.125,Slot:mainhand,Operation:1,Name:\"generic.movement_speed\",UUID:[I;-12271,7408,121624,-14816]}]}",
        "conditions": [
            {
                "condition": "entity_properties",
                "entity": "this",
                "predicate": {
                    "nbt": "{SelectedItem:{id:\"minecraft:netherite_sword\"},OnGround:0b}"
                }
            },
            {
                "condition": "inverted",
                "term": {
                    "condition": "entity_properties",
                    "entity": "this",
                    "predicate": {
                        "nbt": "{Inventory:[{Slot:-106b}]}"
                    }
                }
            },
            {
                "condition": "entity_scores",
                "entity": "this",
                "scores": {
                    "greatsword_motion": {
                        "min": -2147483648,
                        "max": -850
                    }
                }
            }
        ]
    },
    {
        "function": "minecraft:set_nbt",
        "tag": "{AttributeModifiers:[{AttributeName:\"generic.attack_damage\",Amount:9.5,Slot:mainhand,Name:\"generic.attack_damage\",UUID:[I;-12271,7208,121624,-14416]},{AttributeName:\"generic.attack_speed\",Amount:-2.957303371,Slot:mainhand,Name:\"generic.attack_speed\",UUID:[I;-12271,7408,121624,-14816]},{AttributeName:\"generic.armor\",Amount:4,Slot:mainhand,Name:\"generic.armor\",UUID:[I;-12271,7408,121624,-14816]},{AttributeName:\"generic.movement_speed\",Amount:-0.125,Slot:mainhand,Operation:1,Name:\"generic.movement_speed\",UUID:[I;-12271,7408,121624,-14816]}]}",
        "conditions": [
            {
                "condition": "entity_properties",
                "entity": "this",
                "predicate": {
                    "nbt": "{SelectedItem:{id:\"minecraft:netherite_sword\"},OnGround:1b,Inventory:[{Slot:-106b,tag:{Custom:smallshield}}]}"
                }
            }
        ]
    },
    {
        "function": "minecraft:set_nbt",
        "tag": "{AttributeModifiers:[{AttributeName:\"generic.attack_damage\",Amount:9.5,Slot:mainhand,Name:\"generic.attack_damage\",UUID:[I;-12271,7208,121624,-14416]},{AttributeName:\"generic.attack_speed\",Amount:-2.991304348,Slot:mainhand,Name:\"generic.attack_speed\",UUID:[I;-12271,7408,121624,-14816]},{AttributeName:\"generic.armor\",Amount:4,Slot:mainhand,Name:\"generic.armor\",UUID:[I;-12271,7408,121624,-14816]},{AttributeName:\"generic.movement_speed\",Amount:-0.125,Slot:mainhand,Operation:1,Name:\"generic.movement_speed\",UUID:[I;-12271,7408,121624,-14816]}]}",
        "conditions": [
            {
                "condition": "entity_properties",
                "entity": "this",
                "predicate": {
                    "nbt": "{SelectedItem:{id:\"minecraft:netherite_sword\"},OnGround:0b,Inventory:[{Slot:-106b}]}"
                }
            },
            {
                "condition": "inverted",
                "term": {
                    "condition": "entity_properties",
                    "entity": "this",
                    "predicate": {
                        "nbt": "{Inventory:[{Slot:-106b,tag:{Custom:smallshield}}]}"
                    }
                }
            },
            {
                "condition": "entity_scores",
                "entity": "this",
                "scores": {
                    "greatsword_motion": {
                        "min": -2147483648,
                        "max": -850
                    }
                }
            }
        ]
    }
]