[
    {
        "function": "minecraft:set_attributes",
        "modifiers": [
            {
                "attribute": "minecraft:generic.armor",
                "name": "es.reflexslot",
                "amount": 0.2,
                "operation": "multiply_total",
                "slot": "mainhand"
            },
            {
                "attribute": "minecraft:generic.armor_toughness",
                "name": "es.reflexslot",
                "amount": 2,
                "operation": "addition",
                "slot": "mainhand"
            },
            {
                "attribute": "minecraft:generic.max_health",
                "name": "es.reflexslot",
                "amount": 0.2,
                "operation": "multiply_total",
                "slot": "mainhand"
            },
            {
                "attribute": "minecraft:generic.attack_damage",
                "name": "es.reflexslot",
                "amount": -0.2,
                "operation": "multiply_total",
                "slot": "mainhand"
            },
            {
                "attribute": "minecraft:generic.movement_speed",
                "name": "es.reflexslot",
                "amount": -0.2,
                "operation": "multiply_total",
                "slot": "mainhand"
            }
        ]
    },
    {
        "function": "minecraft:set_lore",
        "entity": "this",
        "lore": [
            {
                "color": "gray",
                "italic": true,
                "translate": "item_mod.essrpg.prot.fmaxstarmor.3.lore.0"
            },
            {
                "color": "aqua",
                "italic": true,
                "translate": "item_mod.essrpg.prot.fmaxstarmor.3.lore.1"
            },
            {
                "color": "aqua",
                "italic": true,
                "translate": "item_mod.essrpg.prot.fmaxstarmor.3.lore.2"
            },
            {
                "color": "aqua",
                "italic": true,
                "translate": "item_mod.essrpg.prot.fmaxstarmor.3.lore.3"
            },
            {
                "color": "aqua",
                "italic": true,
                "translate": "item_mod.essrpg.prot.fmaxstarmor.3.lore.4"
            },
            {
                "color": "aqua",
                "italic": true,
                "translate": "item_mod.essrpg.prot.fmaxstarmor.3.lore.5"
            },
            {
                "color": "aqua",
                "italic": true,
                "translate": "item_mod.essrpg.prot.fmaxstarmor.3.lore.6"
            },
            {
                "color": "aqua",
                "italic": true,
                "translate": "item_mod.essrpg.prot.fmaxstarmor.3.lore.7"
            },
            {
                "color": "aqua",
                "italic": true,
                "translate": "item_mod.essrpg.prot.fmaxstarmor.3.lore.8"
            }
        ]
    }
]