{
    "name": "swordsandstrongholds:structure/decorations",
    "fallback": "minecraft:empty",
    "elements": [
        {
            "weight": 1,
            "element": {
                "element_type": "minecraft:single_pool_element",
                "location": "swordsandstrongholds:decorations/supply",
                "projection": "rigid",
                "processors": "minecraft:empty"
            }
        },
        {
            "weight": 1,
            "element": {
                "element_type": "minecraft:list_pool_element",
                "projection": "rigid",
                "elements": [
                    {
                        "element_type": "minecraft:single_pool_element",
                        "projection": "rigid",
                        "location": "swordsandstrongholds:decorations/fountain",
                        "processors": "minecraft:empty"
                    },
                    {
                        "element_type": "minecraft:single_pool_element",
                        "projection": "rigid",
                        "location": "swordsandstrongholds:decorations/overgrown/fountain",
                        "processors": "swordsandstrongholds:overgrown"
                    }
                ]
            }
        },
        {
            "weight": 1,
            "element": {
                "element_type": "minecraft:single_pool_element",
                "location": "swordsandstrongholds:decorations/empty_room",
                "projection": "rigid",
                "processors": "minecraft:empty"
            }
        },
        {
            "weight": 100,
            "element": {
                "element_type": "minecraft:feature_pool_element",
                "feature": "swordsandstrongholds:ore_pile",
                "projection": "rigid"
            }
        }
    ]
}