{
    "name": "swordsandstrongholds:structure/nether_wart",
    "fallback": "minecraft:empty",
    "elements": [
        {
            "weight": 5,
            "element": {
                "element_type": "single_pool_element",
                "location": "swordsandstrongholds:decorations/nether_wart",
                "projection": "rigid",
                "processors": "minecraft:empty"
            }
        },{
            "weight": 10,
            "element": {
                "element_type": "empty_pool_element",
                "projection": "rigid",
                "processors": "minecraft:empty"
            }
        }
    ]
}