{
    "name": "swordsandstrongholds:structure/pool",
    "fallback": "minecraft:empty",
    "elements": [
        {
            "weight": 75,
            "element": {
                "element_type": "minecraft:list_pool_element",
                "projection": "rigid",
                "elements": [
                    {
                        "element_type": "minecraft:single_pool_element",
                        "projection": "rigid",
                        "location": "swordsandstrongholds:dungeon/room_small",
                        "processors": "minecraft:empty"
                    },
                    {
                        "element_type": "minecraft:single_pool_element",
                        "projection": "rigid",
                        "location": "swordsandstrongholds:dungeon/overgrown/room_small",
                        "processors": "swordsandstrongholds:overgrown"
                    }
                ]
            }
        },
        {
            "weight": 25,
            "element": {
                "element_type": "minecraft:list_pool_element",
                "projection": "rigid",
                "elements": [
                    {
                        "element_type": "minecraft:single_pool_element",
                        "projection": "rigid",
                        "location": "swordsandstrongholds:dungeon/hallway_short",
                        "processors": "minecraft:empty"
                    },
                    {
                        "element_type": "minecraft:single_pool_element",
                        "projection": "rigid",
                        "location": "swordsandstrongholds:dungeon/overgrown/hallway_short",
                        "processors": "swordsandstrongholds:overgrown"
                    }
                ]
            }
        },
        {
            "weight": 50,
            "element": {
                "element_type": "minecraft:list_pool_element",
                "projection": "rigid",
                "elements": [
                    {
                        "element_type": "minecraft:single_pool_element",
                        "projection": "rigid",
                        "location": "swordsandstrongholds:dungeon/hallway_long",
                        "processors": "minecraft:empty"
                    },
                    {
                        "element_type": "minecraft:single_pool_element",
                        "projection": "rigid",
                        "location": "swordsandstrongholds:dungeon/overgrown/hallway_long",
                        "processors": "swordsandstrongholds:overgrown"
                    }
                ]
            }
        },
        {
            "weight": 50,
            "element": {
                "element_type": "minecraft:list_pool_element",
                "projection": "rigid",
                "elements": [
                    {
                        "element_type": "minecraft:single_pool_element",
                        "projection": "rigid",
                        "location": "swordsandstrongholds:dungeon/hallway_t",
                        "processors": "minecraft:empty"
                    },
                    {
                        "element_type": "minecraft:single_pool_element",
                        "projection": "rigid",
                        "location": "swordsandstrongholds:dungeon/overgrown/hallway_t",
                        "processors": "swordsandstrongholds:overgrown"
                    }
                ]
            }
        },
        {
            "weight": 25,
            "element": {
                "element_type": "minecraft:list_pool_element",
                "projection": "rigid",
                "elements": [
                    {
                        "element_type": "minecraft:single_pool_element",
                        "projection": "rigid",
                        "location": "swordsandstrongholds:dungeon/hallway_chest",
                        "processors": "minecraft:empty"
                    },
                    {
                        "element_type": "minecraft:single_pool_element",
                        "projection": "rigid",
                        "location": "swordsandstrongholds:dungeon/overgrown/hallway_chest",
                        "processors": "swordsandstrongholds:overgrown"
                    }
                ]
            }
        },
        {
            "weight": 25,
            "element": {
                "element_type": "minecraft:list_pool_element",
                "projection": "rigid",
                "elements": [
                    {
                        "element_type": "minecraft:single_pool_element",
                        "projection": "rigid",
                        "location": "swordsandstrongholds:dungeon/stairwell",
                        "processors": "minecraft:empty"
                    },
                    {
                        "element_type": "minecraft:single_pool_element",
                        "projection": "rigid",
                        "location": "swordsandstrongholds:dungeon/overgrown/stairwell",
                        "processors": "swordsandstrongholds:overgrown"
                    }
                ]
            }
        },
        {
            "weight": 10,
            "element": {
                "element_type": "minecraft:list_pool_element",
                "projection": "rigid",
                "elements": [
                    {
                        "element_type": "minecraft:single_pool_element",
                        "projection": "rigid",
                        "location": "swordsandstrongholds:dungeon/forge",
                        "processors": "minecraft:empty"
                    },
                    {
                        "element_type": "minecraft:single_pool_element",
                        "projection": "rigid",
                        "location": "swordsandstrongholds:dungeon/overgrown/forge",
                        "processors": "swordsandstrongholds:overgrown"
                    },
                    {
                        "element_type": "minecraft:single_pool_element",
                        "projection": "rigid",
                        "location": "swordsandstrongholds:dungeon/overgrown/forge_ash",
                        "processors": "swordsandstrongholds:ash"
                    }
                ]
            }
        },
        {
            "weight": 15,
            "element": {
                "element_type": "minecraft:list_pool_element",
                "projection": "rigid",
                "elements": [
                    {
                        "element_type": "minecraft:single_pool_element",
                        "projection": "rigid",
                        "location": "swordsandstrongholds:dungeon/armory",
                        "processors": "minecraft:empty"
                    },
                    {
                        "element_type": "minecraft:single_pool_element",
                        "projection": "rigid",
                        "location": "swordsandstrongholds:dungeon/overgrown/armory",
                        "processors": "swordsandstrongholds:overgrown"
                    }
                ]
            }
        },
        {
            "weight": 10,
            "element": {
                "element_type": "minecraft:list_pool_element",
                "projection": "rigid",
                "elements": [
                    {
                        "element_type": "minecraft:single_pool_element",
                        "projection": "rigid",
                        "location": "swordsandstrongholds:dungeon/grave",
                        "processors": "minecraft:empty"
                    },
                    {
                        "element_type": "minecraft:single_pool_element",
                        "projection": "rigid",
                        "location": "swordsandstrongholds:dungeon/overgrown/grave",
                        "processors": "swordsandstrongholds:overgrown"
                    }
                ]
            }
        },
        {
            "weight": 1,
            "element": {
                "element_type": "minecraft:list_pool_element",
                "projection": "rigid",
                "elements": [
                    {
                        "element_type": "minecraft:single_pool_element",
                        "projection": "rigid",
                        "location": "swordsandstrongholds:dungeon/undead_lab",
                        "processors": "minecraft:empty"
                    },
                    {
                        "element_type": "minecraft:single_pool_element",
                        "projection": "rigid",
                        "location": "swordsandstrongholds:dungeon/overgrown/undead_lab",
                        "processors": "swordsandstrongholds:overgrown"
                    }
                ]
            }
        }
    ]
}