[
    {
        "function": "minecraft:set_nbt",
        "tag": "{AttributeModifiers:[{AttributeName:\"generic.attack_damage\",Amount:4,Slot:mainhand,Name:\"generic.attack_damage\",UUID:[I;-1221019,31378,16421,-62756]},{AttributeName:\"generic.attack_speed\",Amount:-1.84,Slot:mainhand,Name:\"generic.attack_speed\",UUID:[I;-1221019,31478,16421,-62956]},{AttributeName:\"generic.movement_speed\",Amount:0.25,Slot:mainhand,Operation:1,Name:\"generic.movement_speed\",UUID:[I;-1221019,31478,16421,-62956]},{AttributeName:\"generic.armor\",Amount:4,Slot:mainhand,Name:\"generic.armor\",UUID:[I;-1221019,31478,16421,-62956]}]}",
        "conditions": [
            {
                "condition": "minecraft:entity_properties",
                "entity": "this",
                "predicate": {
                    "nbt": "{SelectedItem:{id:\"minecraft:iron_sword\"}}",
                    "flags": {
                        "is_sprinting": false
                    }
                }
            }
        ]
    },
    {
        "function": "minecraft:set_nbt",
        "tag": "{AttributeModifiers:[{AttributeName:\"generic.attack_damage\",Amount:8,Slot:mainhand,Name:\"generic.attack_damage\",UUID:[I;-1221019,31378,16421,-62756]},{AttributeName:\"generic.attack_speed\",Amount:-1.84,Slot:mainhand,Name:\"generic.attack_speed\",UUID:[I;-1221019,31478,16421,-62956]},{AttributeName:\"generic.movement_speed\",Amount:0.25,Slot:mainhand,Operation:1,Name:\"generic.movement_speed\",UUID:[I;-1221019,31478,16421,-62956]},{AttributeName:\"generic.armor\",Amount:4,Slot:mainhand,Name:\"generic.armor\",UUID:[I;-1221019,31478,16421,-62956]}]}",
        "conditions": [
            {
                "condition": "minecraft:entity_properties",
                "entity": "this",
                "predicate": {
                    "nbt": "{SelectedItem:{id:\"minecraft:iron_sword\"}}",
                    "flags": {
                        "is_sprinting": true
                    }
                }
            }
        ]
    },



    {
        "function": "minecraft:set_nbt",
        "tag": "{AttributeModifiers:[{AttributeName:\"generic.attack_damage\",Amount:5,Slot:mainhand,Name:\"generic.attack_damage\",UUID:[I;-1221019,31378,16421,-62756]},{AttributeName:\"generic.attack_speed\",Amount:-1.933333333,Slot:mainhand,Name:\"generic.attack_speed\",UUID:[I;-1221019,31478,16421,-62956]},{AttributeName:\"generic.movement_speed\",Amount:0.25,Slot:mainhand,Operation:1,Name:\"generic.movement_speed\",UUID:[I;-1221019,31478,16421,-62956]},{AttributeName:\"generic.armor\",Amount:4,Slot:mainhand,Name:\"generic.armor\",UUID:[I;-1221019,31478,16421,-62956]}]}",
        "conditions": [
            {
                "condition": "minecraft:entity_properties",
                "entity": "this",
                "predicate": {
                    "nbt": "{SelectedItem:{id:\"minecraft:diamond_sword\"}}",
                    "flags": {
                        "is_sprinting": false
                    }
                }
            }
        ]
    },
    {
        "function": "minecraft:set_nbt",
        "tag": "{AttributeModifiers:[{AttributeName:\"generic.attack_damage\",Amount:9,Slot:mainhand,Name:\"generic.attack_damage\",UUID:[I;-1221019,31378,16421,-62756]},{AttributeName:\"generic.attack_speed\",Amount:-1.933333333,Slot:mainhand,Name:\"generic.attack_speed\",UUID:[I;-1221019,31478,16421,-62956]},{AttributeName:\"generic.movement_speed\",Amount:0.25,Slot:mainhand,Operation:1,Name:\"generic.movement_speed\",UUID:[I;-1221019,31478,16421,-62956]},{AttributeName:\"generic.armor\",Amount:4,Slot:mainhand,Name:\"generic.armor\",UUID:[I;-1221019,31478,16421,-62956]}]}",
        "conditions": [
            {
                "condition": "minecraft:entity_properties",
                "entity": "this",
                "predicate": {
                    "nbt": "{SelectedItem:{id:\"minecraft:diamond_sword\"}}",
                    "flags": {
                        "is_sprinting": true
                    }
                }
            }
        ]
    },



    {
        "function": "minecraft:set_nbt",
        "tag": "{AttributeModifiers:[{AttributeName:\"generic.attack_damage\",Amount:6,Slot:mainhand,Name:\"generic.attack_damage\",UUID:[I;-1221019,31378,16421,-62756]},{AttributeName:\"generic.attack_speed\",Amount:-2,Slot:mainhand,Name:\"generic.attack_speed\",UUID:[I;-1221019,31478,16421,-62956]},{AttributeName:\"generic.movement_speed\",Amount:0.25,Slot:mainhand,Operation:1,Name:\"generic.movement_speed\",UUID:[I;-1221019,31478,16421,-62956]},{AttributeName:\"generic.armor\",Amount:4,Slot:mainhand,Name:\"generic.armor\",UUID:[I;-1221019,31478,16421,-62956]}]}",
        "conditions": [
            {
                "condition": "minecraft:entity_properties",
                "entity": "this",
                "predicate": {
                    "nbt": "{SelectedItem:{id:\"minecraft:netherite_sword\"}}",
                    "flags": {
                        "is_sprinting": false
                    }
                }
            }
        ]
    },
    {
        "function": "minecraft:set_nbt",
        "tag": "{AttributeModifiers:[{AttributeName:\"generic.attack_damage\",Amount:10,Slot:mainhand,Name:\"generic.attack_damage\",UUID:[I;-1221019,31378,16421,-62756]},{AttributeName:\"generic.attack_speed\",Amount:-2,Slot:mainhand,Name:\"generic.attack_speed\",UUID:[I;-1221019,31478,16421,-62956]},{AttributeName:\"generic.movement_speed\",Amount:0.25,Slot:mainhand,Operation:1,Name:\"generic.movement_speed\",UUID:[I;-1221019,31478,16421,-62956]},{AttributeName:\"generic.armor\",Amount:4,Slot:mainhand,Name:\"generic.armor\",UUID:[I;-1221019,31478,16421,-62956]}]}",
        "conditions": [
            {
                "condition": "minecraft:entity_properties",
                "entity": "this",
                "predicate": {
                    "nbt": "{SelectedItem:{id:\"minecraft:netherite_sword\"}}",
                    "flags": {
                        "is_sprinting": true
                    }
                }
            }
        ]
    }
]