{
  "pools": [
    {
      "rolls": 1,
      "bonus_rolls": {
        "min": -1,
        "max": 2
      },
      "entries": [
        {
          "type": "minecraft:loot_table",
          "name": "essences:item/common/generichostile",
          "conditions": [
            {
              "condition": "minecraft:random_chance",
              "chance": 1.0
            }
          ]
        },
        {
          "type": "minecraft:loot_table",
          "name": "essences:item/common/genericprotector",
          "conditions": [
            {
              "condition": "minecraft:random_chance",
              "chance": 1.0
            }
          ]
        }
      ]
    },
    {
      "rolls": 1,
      "entries": [
        {
          "type": "minecraft:loot_table",
          "name": "essences:item/relic/bold",
          "conditions": [
            {
              "condition": "minecraft:random_chance",
              "chance": 0.025
            }
          ]
        }
      ]
    },
    {
      "rolls": 1,
      "bonus_rolls": {
        "min": 0,
        "max": 1
      },
      "entries": [
        {
          "type": "minecraft:loot_table",
          "name": "essences:item/common/channelerpick",
          "conditions": [
            {
              "condition": "minecraft:random_chance",
              "chance": 0.02
            }
          ]
        }
      ]
    }
  ]
}