[
    {
        "function": "minecraft:set_attributes",
        "modifiers": [
            {
                "attribute": "minecraft:generic.max_health",
                "name": "es.reflexslot",
                "amount": 0.5,
                "operation": "addition",
                "slot": [
                    "mainhand"
                ]
            }
        ]
    },
    {
        "function": "minecraft:set_lore",
        "entity": "this",
        "lore": [
            {
                "color": "gray",
                "italic": true,
                "translate": "item_mod.essrpg.prot.fminwl.3.lore.0"
            },
            {
                "color": "aqua",
                "italic": true,
                "translate": "item_mod.essrpg.prot.fminwl.3.lore.1"
            },
            {
                "color": "aqua",
                "italic": true,
                "translate": "item_mod.essrpg.prot.fminwl.3.lore.2"
            },
            {
                "color": "aqua",
                "italic": true,
                "translate": "item_mod.essrpg.prot.fminwl.3.lore.3"
            }
        ]
    }
]