{
  "name": "swordsandstrongholds:sword_stronghold_template_pool",
  "fallback": "minecraft:empty",
  "elements": [
    {
      "weight": 5,
      "element": {
          "element_type": "minecraft:list_pool_element",
          "projection": "rigid",
          "elements": [
              {
                  "element_type": "minecraft:single_pool_element",
                  "projection": "rigid",
                  "location": "swordsandstrongholds:dungeon/heart_forge",
                  "processors": "minecraft:empty"
              },
              {
                  "element_type": "minecraft:single_pool_element",
                  "projection": "rigid",
                  "location": "swordsandstrongholds:dungeon/overgrown/heart_forge",
                  "processors": "swordsandstrongholds:overgrown"
              },
              {
                  "element_type": "minecraft:single_pool_element",
                  "projection": "rigid",
                  "location": "swordsandstrongholds:dungeon/overgrown/heart_forge_ash",
                  "processors": "swordsandstrongholds:ash"
              }
          ]
      }
  }
  ]
}