[
    {
        "condition": "entity_scores",
        "entity": "this",
        "scores": {
            "greatsword_motion": {
                "max": -850
            }
        }
    },
    {
        "condition": "alternative",
        "terms": [
            {
                "condition": "entity_scores",
                "entity": "this",
                "scores": {
                    "use_iron_greatsword": {
                        "min": 1
                    }
                }
            },
            {
                "condition": "entity_scores",
                "entity": "this",
                "scores": {
                    "use_diamond_greatsword": {
                        "min": 1
                    }
                }
            },
            {
                "condition": "entity_scores",
                "entity": "this",
                "scores": {
                    "use_netherite_greatsword": {
                        "min": 1
                    }
                }
            }
        ]
    }
]