[
    {
        "condition": "entity_scores",
        "entity": "this",
        "scores": {
            "greataxe_damage": {
                "min": 99
            }
        }
    },
    {
        "condition": "alternative",
        "terms": [
            {
                "condition": "entity_scores",
                "entity": "this",
                "scores": {
                    "use_iron_greataxe": {
                        "min": 1
                    }
                }
            },
            {
                "condition": "entity_scores",
                "entity": "this",
                "scores": {
                    "use_diamond_greataxe": {
                        "min": 1
                    }
                }
            },
            {
                "condition": "entity_scores",
                "entity": "this",
                "scores": {
                    "use_netherite_greataxe": {
                        "min": 1
                    }
                }
            }
        ]
    }
]