{
    "condition": "alternative",
    "terms": [
        {
            "condition": "entity_properties",
            "entity": "this",
            "predicate": {
                "nbt": "{SelectedItem:{tag:{Custom:rapier}}}"
            }
        },
        {
            "condition": "entity_properties",
            "entity": "this",
            "predicate": {
                "nbt": "{SelectedItem:{tag:{Custom:greatsword}}}"
            }
        },
        {
            "condition": "entity_properties",
            "entity": "this",
            "predicate": {
                "nbt": "{SelectedItem:{tag:{Custom:saber}}}"
            }
        },
        {
            "condition": "entity_properties",
            "entity": "this",
            "predicate": {
                "nbt": "{SelectedItem:{tag:{Custom:katana}}}"
            }
        },
        {
            "condition": "entity_properties",
            "entity": "this",
            "predicate": {
                "nbt": "{SelectedItem:{tag:{Custom:longsword}}}"
            }
        },
        {
            "condition": "entity_properties",
            "entity": "this",
            "predicate": {
                "nbt": "{SelectedItem:{tag:{Custom:dagger}}}"
            }
        },
        {
            "condition": "entity_properties",
            "entity": "this",
            "predicate": {
                "nbt": "{SelectedItem:{tag:{Custom:greataxe}}}"
            }
        },
        {
            "condition": "entity_properties",
            "entity": "this",
            "predicate": {
                "nbt": "{SelectedItem:{tag:{Custom:spear}}}"
            }
        },
        {
            "condition": "entity_properties",
            "entity": "this",
            "predicate": {
                "nbt": "{SelectedItem:{tag:{Custom:buckler}}}"
            }
        },
        {
            "condition": "entity_properties",
            "entity": "this",
            "predicate": {
                "nbt": "{Inventory:[{Slot:-106b,tag:{Custom:buckler}}]}"
            }
        },
        {
            "condition": "entity_properties",
            "entity": "this",
            "predicate": {
                "nbt": "{SelectedItem:{tag:{Custom:towershield}}}"
            }
        },
        {
            "condition": "entity_properties",
            "entity": "this",
            "predicate": {
                "nbt": "{Inventory:[{Slot:-106b,tag:{Custom:towershield}}]}"
            }
        },
        {
            "condition": "entity_properties",
            "entity": "this",
            "predicate": {
                "nbt": "{SelectedItem:{tag:{Custom:parrying_dagger}}}"
            }
        },
        {
            "condition": "entity_properties",
            "entity": "this",
            "predicate": {
                "nbt": "{Inventory:[{Slot:-106b,tag:{Custom:parrying_dagger}}]}"
            }
        }
    ]
}