[
    {
        "condition": "entity_scores",
        "entity": "this",
        "scores": {
            "is_sprinting": {
                "min": 1
            }
        }
    },
    {
        "condition": "alternative",
        "terms": [
            {
                "condition": "entity_scores",
                "entity": "this",
                "scores": {
                    "use_iron_rapier": {
                        "min": 1
                    }
                }
            },
            {
                "condition": "entity_scores",
                "entity": "this",
                "scores": {
                    "use_diamond_rapier": {
                        "min": 1
                    }
                }
            },
            {
                "condition": "entity_scores",
                "entity": "this",
                "scores": {
                    "use_netherite_rapier": {
                        "min": 1
                    }
                }
            }
        ]
    }
]