{
    "comment": "Singe channeler",
    "pools": [
        {
            "rolls": 1,
            "entries": [
                {
                    "type": "minecraft:item",
                    "name": "minecraft:carrot_on_a_stick",
                    "functions": [
                        {
                            "function": "minecraft:set_name",
                            "entity": "this",
                            "name": {
                                "color": "white",
                                "bold": false,
                                "italic": false,
                                "translate": "item.essrpg.heirloom.singe"
                            }
                        },
                        {
                            "function": "minecraft:set_nbt",
                            "tag": "{esitem:singe,esitemgroup:heirloomwep,es.augslots:0,es.customauggable:true,CustomModelData:410042,Unbreakable:1b,es.ha.m:{type:0b}}"
                        },
                        {
                            "function": "minecraft:set_lore",
                            "entity": "this",
                            "lore": [
                                {
                                    "translate": "item.essrpg.heirloom.singe.lore.0"
                                },
                                {
                                    "translate": "item.essrpg.heirloom.singe.lore.1"
                                },
                                {
                                    "translate": "item.essrpg.heirloom.singe.lore.2"
                                },
                                {
                                    "translate": "item.essrpg.heirloom.singe.lore.3"
                                },
                                {
                                    "translate": "item.essrpg.heirloom.singe.lore.4"
                                },
                                {
                                    "translate": "item.essrpg.heirloom.singe.lore.5"
                                },
                                {
                                    "translate": "item.essrpg.heirloom.singe.lore.6"
                                },
                                {
                                    "translate": "item.essrpg.heirloom.singe.lore.7"
                                },
                                {
                                    "color": "dark_gray",
                                    "bold": true,
                                    "translate": "item.essrpg.heirloom.singe.lore.8"
                                }
                            ]
                        }
                    ]
                }
            ]
        }
    ]
}