{
    "pools": [
        {
            "rolls": 1,
            "entries": [
                {
                    "type": "item",
                    "name": "minecraft:player_head",
                    "weight": 1,
                    "functions": [
                        {
                            "function": "minecraft:set_nbt",
                            "tag": "{display:{Name:\"Enderman\"},SkullOwner:{Id:\"0de98464-1274-4dd6-bba8-370efa5d41a8\",Properties:{textures:[{Value:\"eyJ0ZXh0dXJlcyI6eyJTS0lOIjp7InVybCI6Imh0dHA6Ly90ZXh0dXJlcy5taW5lY3JhZnQubmV0L3RleHR1cmUvN2E1OWJiMGE3YTMyOTY1YjNkOTBkOGVhZmE4OTlkMTgzNWY0MjQ1MDllYWRkNGU2YjcwOWFkYTUwYjljZiJ9fX0=\"}]}}}"
                        }
                    ],

                    "conditions": [
                        {
                            "condition": "minecraft:random_chance",
                            "chance": 0.025
                        }
                    ],
                    "quanity": 1
                }
            ]
        }
    ]
}