{
    "pools": [
        {
            "rolls": 1,
            "entries": [
                {
                    "type": "item",
                    "name": "minecraft:player_head",
                    "weight": 1,
                    "functions": [
                        {
                            "function": "minecraft:set_nbt",
                            "tag": "{display:{Name:\"Evoker\"},SkullOwner:{Id:\"9aef1ff9-7e67-4954-8cb6-0bf685147fe6\",Properties:{textures:[{Value:\"eyJ0ZXh0dXJlcyI6eyJTS0lOIjp7InVybCI6Imh0dHA6Ly90ZXh0dXJlcy5taW5lY3JhZnQubmV0L3RleHR1cmUvNjMwY2U3NzVlZGI2NWRiOGMyNzQxYmRmYWU4NGYzYzBkMDI4NWFiYTkzYWZhZGM3NDkwMGQ1NWRmZDk1MDRhNSJ9fX0=\"}]}}}"
                        }
                    ],

                    "quanity": 1
                }
            ]
        }
    ]
}