{
    "pools": [
        {
            "rolls": 1,
            "entries": [
                {
                    "type": "item",
                    "name": "minecraft:player_head",
                    "weight": 1,
                    "functions": [
                        {
                            "function": "minecraft:set_nbt",
                            "tag": "{display:{Name:\"Ravager\"},SkullOwner:{Id:\"c510588d-5bb3-499a-b05f-d0d26142bde7\",Properties:{textures:[{Value:\"eyJ0ZXh0dXJlcyI6eyJTS0lOIjp7InVybCI6Imh0dHA6Ly90ZXh0dXJlcy5taW5lY3JhZnQubmV0L3RleHR1cmUvY2QyMGJmNTJlYzM5MGEwNzk5Mjk5MTg0ZmM2NzhiZjg0Y2Y3MzJiYjFiZDc4ZmQxYzRiNDQxODU4ZjAyMzVhOCJ9fX0=\"}]}}}"
                        }
                    ],

                    "quanity": 1
                }
            ]
        }
    ]
}