{
    "pools": [
        {
            "rolls": 1,

            "entries": [
                {
                    "type": "item",
                    "name": "minecraft:chest",
                    "weight": 1,
                    "functions": [
                        {
                            "function": "minecraft:set_nbt",
                            "tag": "{display:{Name:'{\"text\": \"Common Tropical Fish Loot\", \"color\": \"gold\"}'},BlockEntityTag:{Items:[{Slot:3b,id:'minecraft:tropical_fish',Count:1b, tag:{fishing_mmo:1b}}]}}"
                        }
                    ],
                    
                    "conditions": [
                        {
                            "condition": "minecraft:random_chance",
                            "chance": 0.75
                        }
                    ],
                    "quanity": 1
                },


                {
                    "type": "item",
                    "name": "minecraft:chest",
                    "weight": 1,
                    "functions": [
                        {
                            "function": "minecraft:set_nbt",
                            "tag": "{display:{Name:'{\"text\": \"Common Tropical Fish Treasure Chest\", \"color\": \"gold\"}'},BlockEntityTag:{Items:[{Slot:3b,id:'minecraft:tropical_fish',Count:1b, tag:{fishing_mmo:1b}}, {Slot:25b,id:'minecraft:tropical_fish',Count:2b, tag:{fishing_mmo:1b}}]}}"
                        }
                    ],
                    
                    "conditions": [
                        {
                            "condition": "minecraft:random_chance",
                            "chance": 0.50
                        }
                    ],
                    "quanity": 1
                },


                {
                    "type": "item",
                    "name": "minecraft:chest",
                    "weight": 1,
                    "functions": [
                        {
                            "function": "minecraft:set_nbt",
                            "tag": "{display:{Name:'{\"text\": \"Treasure Chest\", \"color\": \"gold\"}'},BlockEntityTag:{Items:[{Slot:13b, id:'minecraft:tropical_fish', Count:1b, tag:{fishing_mmo:1b}}]}}"
                        }
                    ],
                    
                    "conditions": [
                        {
                            "condition": "minecraft:random_chance",
                            "chance": 0.25
                        }
                    ],
                    "quanity": 1
                }
            ]
        }
    ]
}