[
    {
        "function": "minecraft:set_attributes",
        "modifiers": [
            {
                "attribute": "minecraft:generic.movement_speed",
                "name": "skydraft",
                "amount": 0,
                "operation": "multiply_total",
                "slot": [
                    "chest"
                ]
            }
        ]
    },
    {
        "function": "minecraft:set_lore",
        "entity": "this",
        "lore": [
            {
                "color": "gray",
                "italic": true,
                "translate": "item_mod.essrpg.scav.fmaxelytraarmor.1.lore.0"
            },
            {
                "color": "green",
                "italic": true,
                "translate": "item_mod.essrpg.scav.fmaxelytraarmor.1.lore.1"
            },
            {
                "color": "green",
                "italic": true,
                "translate": "item_mod.essrpg.scav.fmaxelytraarmor.1.lore.2"
            },
            {
                "color": "green",
                "italic": true,
                "translate": "item_mod.essrpg.scav.fmaxelytraarmor.1.lore.3"
            }
        ]
    }
]