{
  "structures": [
    {
      "structure": "legendary:crimtree4",
      "weight": 1
    },
    {
      "structure": "legendary:crimtree3",
      "weight": 1
    },
    {
      "structure": "legendary:crimtree2",
      "weight": 1
    },
    {
      "structure": "legendary:crimtree1",
      "weight": 1
    }
  ],
  "placement": {
    "type": "minecraft:random_spread",
    "salt": 1776016415,
    "exclusion_zone": {
      "other_set": "legendary:dreadcastle",
      "chunk_count": 2
    },
    "spacing": 2,
    "separation": 0
  }
}
