{
    "parent": "erpg_creator_template:erpgmobloot/parent",
    "criteria": {
      "requirement": {
        "trigger": "minecraft:player_killed_entity",
        "conditions": {
          "entity": [
            {
              "condition": "minecraft:entity_properties",
              "entity": "this",
              "predicate": {
                "nbt": "{Tags:[\"your.mob.tag\"]}"
              }
            }
          ]
        }
      }
    },
    "rewards": {
      "function": "erpg_creator_template:erpgmobloot/your_mob"
    }
  }