{
  "condition": "minecraft:alternative",
  "terms": [
    {
      "condition": "minecraft:entity_properties",
      "entity": "this",
      "predicate": {
        "equipment": {
          "mainhand": {
            "items": ["minecraft:arrow", "minecraft:spectral_arrow"]
          }
        }
      }
    },
    {
      "condition": "minecraft:entity_properties",
      "entity": "this",
      "predicate": {
        "equipment": {
          "mainhand": {
            "nbt": "{cchesed:{bft:{stack_quiver:1b}}}"
          }
        }
      }
    }
  ]
}
