{
  "display": {
    "title": "Better Fletching Table v1.1",
    "description": [
      {
        "text": "\nAdds a GUI to Fletching Tables, along with custom Arrows and items!\n\n§7§nhttps://www.planetminecraft.com/member/calebchan/\n"
      }
    ],
    "icon": {
      "item": "minecraft:fletching_table",
      "nbt": "{display:{Name:'{\"text\":\"Better Fletching Table\",\"italic\":false}'}}"
    },
    "show_toast": false,
    "announce_to_chat": false
  },
  "parent": "global:cchesed",
  "criteria": {
    "trigger": {
      "trigger": "minecraft:tick"
    }
  }
}
