{
    "pools": [
        {
            "rolls": 1,
            "entries": [
                {
                    "type": "item",
                    "name": "minecraft:player_head",
                    "weight": 1,
                    "functions": [
                        {
                            "function": "minecraft:set_nbt",
                            "tag": "{display:{Name:\"Phantom\"},SkullOwner:{Id:\"9290add8-c291-4a5a-8f8a-594f165406a3\",Properties:{textures:[{Value:\"eyJ0ZXh0dXJlcyI6eyJTS0lOIjp7InVybCI6Imh0dHA6Ly90ZXh0dXJlcy5taW5lY3JhZnQubmV0L3RleHR1cmUvN2U5NTE1M2VjMjMyODRiMjgzZjAwZDE5ZDI5NzU2ZjI0NDMxM2EwNjFiNzBhYzAzYjk3ZDIzNmVlNTdiZDk4MiJ9fX0=\"}]}}}"
                        }
                    ],
                    
                    "quanity": 1
                }
            ]
        }
    ]
}