{
    "pools": [
        {
            "rolls": 1,
            "entries": [
                {
                    "type": "item",
                    "name": "minecraft:player_head",
                    "weight": 1,
                    "functions": [
                        {
                            "function": "minecraft:set_nbt",
                            "tag": "{display:{Name:\"Slime\"},SkullOwner:{Id:\"7f0b0873-df6a-4a19-9bcd-f6c90ef804c7\",Properties:{textures:[{Value:\"eyJ0ZXh0dXJlcyI6eyJTS0lOIjp7InVybCI6Imh0dHA6Ly90ZXh0dXJlcy5taW5lY3JhZnQubmV0L3RleHR1cmUvODk1YWVlYzZiODQyYWRhODY2OWY4NDZkNjViYzQ5NzYyNTk3ODI0YWI5NDRmMjJmNDViZjNiYmI5NDFhYmU2YyJ9fX0=\"}]}}}"
                        }
                    ],
                    
                    "quanity": 1
                }
            ]
        }
    ]
}