{
    "pools": [
        {
            "rolls": 1,
            "entries": [
                {
                    "type": "item",
                    "name": "minecraft:player_head",
                    "weight": 1,
                    "functions": [
                        {
                            "function": "minecraft:set_nbt",
                            "tag": "{display:{Name:\"Zombie Villager (Toolsmith)\"},SkullOwner:{Id:\"54962813-2206-40e6-b328-1f0f4fbb70de\",Properties:{textures:[{Value:\"eyJ0ZXh0dXJlcyI6eyJTS0lOIjp7InVybCI6Imh0dHA6Ly90ZXh0dXJlcy5taW5lY3JhZnQubmV0L3RleHR1cmUvMzAwODkzZDMxYWNkMGU4NDIzMjkyZDQxMTNjZTkxZTI3M2QxZTU3ZTVlMTA0YmFhZmM4NTNiMmU4NjRjYjQzZiJ9fX0=\"}]}}}"
                        }
                    ],
                    
                    "quanity": 1
                }
            ]
        }
    ]
}