{
  "type": "minecraft:gift",
  "pools": [
    {
      "bonus_rolls": 0.0,
      "entries": [
        {
          "type": "minecraft:item",
          "name": "minecraft:rabbit_hide",
          "weight": 10
        },
        {
          "type": "minecraft:item",
          "name": "minecraft:rabbit_foot",
          "weight": 10
        },
        {
          "type": "minecraft:item",
          "name": "minecraft:chicken",
          "weight": 10
        },
        {
          "type": "minecraft:item",
          "name": "minecraft:feather",
          "weight": 10
        },
        {
          "type": "minecraft:item",
          "name": "minecraft:rotten_flesh",
          "weight": 10
        },
        {
          "type": "minecraft:item",
          "name": "minecraft:string",
          "weight": 10
        },
        {
          "type": "minecraft:item",
          "name": "minecraft:snowball",
          "weight": 10
        },
        {
          "type": "minecraft:item",
          "name": "minecraft:sweet_berries",
          "weight": 5
        },
        {
          "type": "minecraft:item",
          "name": "minecraft:phantom_membrane",
          "weight": 5
        },
        {
          "type": "minecraft:item",
          "name": "minecraft:turtle_egg",
          "weight": 2
        },
{
          "type": "minecraft:item",
          "name": "minecraft:cocoa_beans",
          "weight": 2
        }
      ],
      "rolls": 1.0
    }
  ]
}