{
  "display": {
    "icon": {
      "item": "minecraft:arrow"
    },
    "title": "arrowhit",
    "description": "hit entity with arrow",
    "show_toast": false,
    "announce_to_chat": false,
    "hidden": true
  },
  "rewards": {
    "function": "essences:arrows/lookups/arrowhit"
  },
  "criteria": {
    "shot_arrow": {
      "trigger": "minecraft:player_hurt_entity",
      "conditions": {
        "damage": {
          "type": {
            "is_projectile": true,
            "direct_entity": {
              "type": "#minecraft:arrows"
            }
          }
        }
      }
    }
  },
  "requirements": [
    [
      "shot_arrow"
    ]
  ]
}