{
    "display": {
        "title": {
            "text": "Personal Touch",
            "color": "white"
        },
        "description": {
            "text": "Augment an item with the Augmentation Table.",
            "color": "green"
        },
        "icon": {
            "item": "minecraft:cod_spawn_egg",
            "nbt": "{CustomModelData:410001}"
        },
        "frame": "task",
        "show_toast": true,
        "announce_to_chat": true,
        "hidden": false
    },
    "criteria": {
        "aug": {
            "trigger": "minecraft:impossible"
        }
    },
    "parent": "essences:root"
}