{
    "display": {
        "title": {
            "text": "Champion of Ancient",
            "color": "gold",
            "bold": true,
            "italic": true
        },
        "description": {
            "text": "Defeat the Molten Ascendant."
        },
        "icon": {
            "item": "minecraft:carrot_on_a_stick",
            "nbt": "{CustomModelData:410029,Enchantments:[{}]}"
        },
        "frame": "challenge",
        "show_toast": true,
        "announce_to_chat": true,
        "hidden": true
    },
    "criteria": {
        "killboss1molten": {
            "trigger": "minecraft:impossible"
        }
    },
    "parent": "essences:es_kill_boss1"
}