[
    {
        "function": "minecraft:set_attributes",
        "modifiers": [
            {
                "attribute": "minecraft:generic.armor_toughness",
                "name": "minecraft:generic.armor_toughness",
                "amount": -10,
                "operation": "addition",
                "slot": "mainhand"
            }
        ]
    },
    {
        "function": "minecraft:set_lore",
        "entity": "this",
        "lore": [
            {
                "color": "gray",
                "italic": true,
                "translate": "item_mod.essrpg.fight.fmaxgldtool.1.lore.0"
            },
            {
                "color": "red",
                "italic": true,
                "translate": "item_mod.essrpg.fight.fmaxgldtool.1.lore.1"
            },
            {
                "color": "red",
                "italic": true,
                "translate": "item_mod.essrpg.fight.fmaxgldtool.1.lore.2"
            },
            {
                "color": "red",
                "italic": true,
                "translate": "item_mod.essrpg.fight.fmaxgldtool.1.lore.3"
            },
            {
                "color": "red",
                "italic": true,
                "translate": "item_mod.essrpg.fight.fmaxgldtool.1.lore.4"
            }
        ]
    }
]