{
    "pools": [
        {
            "rolls": {
                "min": 2,
                "max": 4
            },
            "bonus_rolls": {
                "min": 4,
                "max": 8
            },
            "entries": [
                {
                    "type": "minecraft:item",
                    "weight": 2,
                    "name": "minecraft:diamond",
                    "functions": [
                        {
                            "function": "minecraft:set_count",
                            "count": {
                                "min": 1,
                                "max": 2
                            }
                        }
                    ]
                },
                {
                    "type": "minecraft:item",
                    "weight": 10,
                    "name": "minecraft:blaze_powder",
                    "functions": [
                        {
                            "function": "minecraft:set_count",
                            "count": {
                                "min": 1,
                                "max": 3
                            }
                        }
                    ]
                },
                {
                    "type": "minecraft:item",
                    "weight": 6,
                    "name": "minecraft:blaze_rod",
                    "functions": [
                        {
                            "function": "minecraft:set_count",
                            "count": {
                                "min": 1,
                                "max": 2
                            }
                        }
                    ]
                }
            ]
        },
        {
            "rolls": {
                "min": 3,
                "max": 5
            },
            "entries": [
                {
                    "type": "minecraft:item",
                    "weight": 10,
                    "name": "minecraft:blackstone",
                    "functions": [
                        {
                            "function": "minecraft:set_count",
                            "count": {
                                "min": 2,
                                "max": 6
                            }
                        }
                    ]
                },
                {
                    "type": "minecraft:item",
                    "weight": 8,
                    "name": "minecraft:polished_blackstone_bricks",
                    "functions": [
                        {
                            "function": "minecraft:set_count",
                            "count": {
                                "min": 2,
                                "max": 5
                            }
                        }
                    ]
                },
                {
                    "type": "minecraft:item",
                    "weight": 8,
                    "name": "minecraft:basalt",
                    "functions": [
                        {
                            "function": "minecraft:set_count",
                            "count": {
                                "min": 2,
                                "max": 4
                            }
                        }
                    ]
                },
                {
                    "type": "minecraft:item",
                    "weight": 6,
                    "name": "minecraft:bone",
                    "functions": [
                        {
                            "function": "minecraft:set_count",
                            "count": {
                                "min": 3,
                                "max": 6
                            }
                        }
                    ]
                },
                {
                    "type": "minecraft:item",
                    "weight": 2,
                    "name": "minecraft:rotten_flesh",
                    "functions": [
                        {
                            "function": "minecraft:set_count",
                            "count": {
                                "min": 2,
                                "max": 4
                            }
                        }
                    ]
                }
            ]
        },
        {
            "rolls": {
                "min": 3,
                "max": 5
            },
            "bonus_rolls": {
                "min": 5,
                "max": 9
            },
            "entries": [
                {
                    "type": "minecraft:item",
                    "weight": 10,
                    "name": "minecraft:red_dye",
                    "functions": [
                        {
                            "function": "minecraft:set_count",
                            "count": {
                                "min": 1,
                                "max": 3
                            }
                        }
                    ]
                },{
                    "type": "minecraft:item",
                    "weight": 8,
                    "name": "minecraft:candle",
                    "functions": [
                        {
                            "function": "minecraft:set_count",
                            "count": {
                                "min": 1,
                                "max": 3
                            }
                        }
                    ]
                },{
                    "type": "minecraft:item",
                    "weight": 8,
                    "name": "minecraft:gray_candle",
                    "functions": [
                        {
                            "function": "minecraft:set_count",
                            "count": {
                                "min": 1,
                                "max": 3
                            }
                        }
                    ]
                },
                {
                    "type": "minecraft:item",
                    "weight": 8,
                    "name": "minecraft:redstone",
                    "functions": [
                        {
                            "function": "minecraft:set_count",
                            "count": {
                                "min": 3,
                                "max": 8
                            }
                        }
                    ]
                }
            ]
        }
    ]
}