{
    "pools": [
        {
            "rolls": 1,
            "entries": [
                {
                    "type": "item",
                    "name": "minecraft:player_head",
                    "weight": 1,
                    "functions": [
                        {
                            "function": "minecraft:set_nbt",
                            "tag": "{display:{Name:\"Ghast\"},SkullOwner:{Id:\"807f287f-6499-4e93-a887-0a298ab3091f\",Properties:{textures:[{Value:\"eyJ0ZXh0dXJlcyI6eyJTS0lOIjp7InVybCI6Imh0dHA6Ly90ZXh0dXJlcy5taW5lY3JhZnQubmV0L3RleHR1cmUvOGI2YTcyMTM4ZDY5ZmJiZDJmZWEzZmEyNTFjYWJkODcxNTJlNGYxYzk3ZTVmOTg2YmY2ODU1NzFkYjNjYzAifX19\"}]}}}"
                        }
                    ],

                    "quanity": 1
                }
            ]
        }
    ]
}