{
    "pools": [
        {
            "rolls": {
                "min": 9,
                "max": 18
            },
            "entries": [
                {
                    "type": "item",
                    "weight": 540,
                    "name": "minecraft:iron_ingot",
                    "quality": 1
                },
                {
                    "type": "item",
                    "weight": 360,
                    "name": "minecraft:stick",
                    "quality": 1,
                    "functions": [
                        {
                            "function": "set_nbt",
                            "tag": "{display:{Name:'{\"text\":\"boneshot\"}'},CustomModelData:262626,boneshot:1b}"
                        }
                    ]
                },
                {
                    "type": "item",
                    "weight": 340,
                    "name": "minecraft:arrow",
                    "quality": 1
                },
                {
                    "type": "item",
                    "weight": 360,
                    "name": "minecraft:torch",
                    "quality": 5
                },
                {
                    "type": "item",
                    "weight": 350,
                    "name": "minecraft:bread",
                    "quality": 1
                },
                {
                    "type": "item",
                    "weight": 240,
                    "name": "minecraft:emerald",
                    "quality": 1
                },
                {
                    "type": "item",
                    "weight": 200,
                    "name": "minecraft:coal",
                    "quality": 1
                },
                {
                    "type": "item",
                    "weight": 200,
                    "name": "minecraft:gold_ingot",
                    "quality": 1
                },
                {
                    "type": "item",
                    "weight": 200,
                    "name": "minecraft:gunpowder",
                    "quality": 1
                },
                {
                    "type": "item",
                    "weight": 200,
                    "name": "minecraft:book",
                    "quality": 1
                },
                {
                    "type": "item",
                    "weight": 200,
                    "name": "minecraft:paper",
                    "quality": 1
                },
                {
                    "type": "item",
                    "weight": 200,
                    "name": "minecraft:bone",
                    "quality": 1
                },
                {
                    "type": "item",
                    "weight": 110,
                    "name": "minecraft:golden_apple",
                    "quality": 1
                },
                {
                    "type": "item",
                    "weight": 100,
                    "name": "minecraft:pumpkin_pie",
                    "quality": 1
                },
                {
                    "type": "item",
                    "weight": 100,
                    "name": "minecraft:experience_bottle",
                    "quality": 1
                },
                {
                    "type": "item",
                    "weight": 80,
                    "name": "minecraft:yellow_dye",
                    "quality": 1,
                    "functions": [
                        {
                            "function": "set_nbt",
                            "tag": "{display:{Name:'{\"text\":\"Lucky Essence\"}'},CustomModelData:151515,lucky:1b}"
                        }
                    ]
                },
                {
                    "type": "item",
                    "weight": 80,
                    "name": "minecraft:melon",
                    "quality": 1
                },
                {
                    "type": "item",
                    "weight": 40,
                    "name": "minecraft:snowball",
                    "quality": 1,
                    "functions": [
                        {
                            "function": "set_nbt",
                            "tag": "{display:{Name:'{\"text\":\"Bone Dust Bomb\"}'},CustomModelData:100421,bdb:1b}"
                        }
                    ]
                },
                {
                    "type": "item",
                    "weight": 20,
                    "name": "minecraft:ender_pearl",
                    "quality": 1
                },
                {
                    "type": "item",
                    "weight": 20,
                    "name": "minecraft:milk_bucket",
                    "quality": 1
                },
                {
                    "type": "item",
                    "weight": 20,
                    "name": "minecraft:crossbow",
                    "quality": 1
                },
                {
                    "type": "item",
                    "weight": 20,
                    "name": "minecraft:diamond",
                    "quality": 1
                },
                {
                    "type": "item",
                    "weight": 12,
                    "name": "minecraft:splash_potion",
                    "quality": 1,
                    "functions": [
                        {
                            "function": "set_nbt",
                            "tag": "{Potion:\"minecraft:strong_healing\"}"
                        }
                    ]
                },
                {
                    "type": "item",
                    "weight": 12,
                    "name": "minecraft:potion",
                    "quality": 1,
                    "functions": [
                        {
                            "function": "set_nbt",
                            "tag": "{Potion:\"minecraft:regeneration\"}"
                        }
                    ]
                },
                {
                    "type": "item",
                    "weight": 12,
                    "name": "minecraft:splash_potion",
                    "quality": 1,
                    "functions": [
                        {
                            "function": "set_nbt",
                            "tag": "{Potion:\"minecraft:weakness\"}"
                        }
                    ]
                },
                {
                    "type": "item",
                    "weight": 12,
                    "name": "minecraft:potion",
                    "quality": 1,
                    "functions": [
                        {
                            "function": "set_nbt",
                            "tag": "{Potion:strong_turtle_master}"
                        }
                    ]
                },
                {
                    "type": "item",
                    "weight": 12,
                    "name": "minecraft:splash_potion",
                    "quality": 1,
                    "functions": [
                        {
                            "function": "set_nbt",
                            "tag": "{Potion:\"minecraft:healing\"}"
                        }
                    ]
                },
                {
                    "type": "item",
                    "weight": 12,
                    "name": "minecraft:potion",
                    "quality": 1,
                    "functions": [
                        {
                            "function": "set_nbt",
                            "tag": "{Potion:strong_swiftness}"
                        }
                    ]
                },
                {
                    "type": "item",
                    "weight": 12,
                    "name": "minecraft:book",
                    "functions": [
                        {
                            "function": "set_nbt",
                            "tag": "{display:{Name:'{\"text\":\"Magic Tome\"}'},HideFlags:1,CustomModelData:234444,tome:1b}"
                        }
                    ]
                },
                {
                    "type": "item",
                    "weight": 5,
                    "name": "minecraft:iron_horse_armor",
                    "quality": 1
                },
                {
                    "type": "item",
                    "weight": 5,
                    "name": "minecraft:golden_horse_armor",
                    "quality": 1
                },
                {
                    "type": "item",
                    "weight": 5,
                    "name": "minecraft:lead",
                    "quality": 1
                },
                {
                    "type": "item",
                    "weight": 5,
                    "name": "minecraft:saddle",
                    "quality": 1
                },
                {
                    "type": "item",
                    "weight": 5,
                    "name": "minecraft:name_tag",
                    "quality": 1
                },
                {
                    "type": "item",
                    "weight": 5,
                    "name": "minecraft:cake",
                    "quality": 1
                },
                {
                    "type": "item",
                    "weight": 5,
                    "name": "minecraft:trident",
                    "quality": 1
                },
                {
                    "type": "item",
                    "weight": 5,
                    "name": "minecraft:spyglass",
                    "quality": 1
                },
                {
                    "type": "item",
                    "weight": 3,
                    "name": "minecraft:bow",
                    "quality": 1,
                    "functions": [
                        {
                            "function": "set_nbt",
                            "tag": "{display:{Name:'{\"text\":\"Seer Sight\",\"color\":\"red\",\"bold\":true,\"italic\":true}'},Enchantments:[{id:\"minecraft:power\",lvl:3s},{id:\"minecraft:flame\",lvl:1s},{id:\"minecraft:unbreaking\",lvl:2s}]}"
                        }
                    ]
                },
                {
                    "type": "item",
                    "weight": 3,
                    "name": "minecraft:iron_sword",
                    "quality": 1,
                    "functions": [
                        {
                            "function": "set_nbt",
                            "tag": "{display:{Name:'{\"text\":\"Seer Slayer\",\"color\":\"red\",\"bold\":true,\"italic\":true}'},Enchantments:[{id:\"minecraft:sharpness\",lvl:1s},{id:\"minecraft:knockback\",lvl:1s},{id:\"minecraft:looting\",lvl:1s},{id:\"minecraft:unbreaking\",lvl:2s},{id:\"minecraft:fire_aspect\",lvl:2s},]}"
                        }
                    ]
                },
                {
                    "type": "item",
                    "weight": 3,
                    "name": "minecraft:leather_helmet",
                    "quality": 1,
                    "functions": [
                        {
                            "function": "set_nbt",
                            "tag": "{display:{Name:'{\"text\":\"Vault Plunder\\'s Cap\",\"color\":\"240000\",\"bold\":true,\"italic\":true}',color:16755200},Enchantments:[{id:\"minecraft:protection\",lvl:4s},{id:\"minecraft:thorns\",lvl:3s},{id:\"minecraft:mending\",lvl:1s}]}"
                        }
                    ]
                },
                {
                    "type": "item",
                    "weight": 3,
                    "name": "minecraft:leather_boots",
                    "quality": 1,
                    "functions": [
                        {
                            "function": "set_nbt",
                            "tag": "{display:{Name:'{\"text\":\"Vault Plunder\\'s Finest Kicks\",\"color\":\"240000\",\"bold\":true,\"italic\":true}',color:16755200},Enchantments:[{id:\"minecraft:protection\",lvl:4s},{id:\"minecraft:thorns\",lvl:3s},{id:\"minecraft:depth_strider\",lvl:2s},{id:\"minecraft:mending\",lvl:1s}]}"
                        }
                    ]
                },
                {
                    "type": "item",
                    "weight": 3,
                    "name": "minecraft:leather_chestplate",
                    "quality": 1,
                    "functions": [
                        {
                            "function": "set_nbt",
                            "tag": "{display:{Name:'{\"text\":\"Vault Plunder\\'s Finest Tunic\",\"color\":\"6E0000\",\"bold\":true,\"italic\":true}',color:16755200},Enchantments:[{id:\"minecraft:protection\",lvl:4s},{id:\"minecraft:thorns\",lvl:3s},{id:\"minecraft:mending\",lvl:1s}]}"
                        }
                    ]
                },
                {
                    "type": "item",
                    "weight": 3,
                    "name": "minecraft:leather_leggings",
                    "quality": 1,
                    "functions": [
                        {
                            "function": "set_nbt",
                            "tag": "{display:{Name:'{\"text\":\"Vault Plunder\\'s Finest Trousers\",\"color\":\"240000\",\"bold\":true,\"italic\":true}',color:16755200},Enchantments:[{id:\"minecraft:protection\",lvl:4s},{id:\"minecraft:thorns\",lvl:3s},{id:\"minecraft:mending\",lvl:1s}]}"
                        }
                    ]
                },
                {
                    "type": "item",
                    "weight": 3,
                    "name": "minecraft:fishing_rod",
                    "quality": 1,
                    "functions": [
                        {
                            "function": "set_nbt",
                            "tag": "{display:{Name:'{\"text\":\"Kingfisher\"}'},Enchantments:[{id:\"minecraft:luck_of_the_sea\",lvl:2s},{id:\"minecraft:lure\",lvl:2s},{id:\"minecraft:unbreaking\",lvl:3s}]}"
                        }
                    ]
                },
                {
                    "type": "item",
                    "weight": 3,
                    "name": "minecraft:iron_pickaxe",
                    "quality": 1,
                    "functions": [
                        {
                            "function": "set_nbt",
                            "tag": "{display:{Name:'{\"text\":\"Grave Pickaxe\",\"bold\":true,\"italic\":true}'},Enchantments:[{id:\"minecraft:efficiency\",lvl:2s},{id:\"minecraft:unbreaking\",lvl:2s},{id:\"minecraft:fortune\",lvl:1s},{id:\"minecraft:vanishing_curse\",lvl:1s},{id:\"minecraft:mending\",lvl:1s}]}"
                        }
                    ]
                },
                {
                    "type": "item",
                    "weight": 3,
                    "name": "minecraft:iron_axe",
                    "quality": 1,
                    "functions": [
                        {
                            "function": "set_nbt",
                            "tag": "{display:{Name:'{\"text\":\"Grave Hatchet\",\"bold\":true,\"italic\":true}'},Enchantments:[{id:\"minecraft:efficiency\",lvl:2s},{id:\"minecraft:unbreaking\",lvl:2s},{id:\"minecraft:vanishing_curse\",lvl:1s},{id:\"minecraft:mending\",lvl:1s}]}"
                        }
                    ]
                },
                {
                    "type": "item",
                    "weight": 3,
                    "name": "minecraft:iron_sword",
                    "quality": 1,
                    "functions": [
                        {
                            "function": "set_nbt",
                            "tag": "{display:{Name:'{\"text\":\"Grave Irony\",\"bold\":true,\"italic\":true}'},Enchantments:[{id:\"minecraft:sharpness\",lvl:2s},{id:\"minecraft:knockback\",lvl:2s},{id:\"minecraft:looting\",lvl:2s},{id:\"minecraft:mending\",lvl:1s},{id:\"minecraft:vanishing_curse\",lvl:1s}]}"
                        }
                    ]
                },
                {
                    "type": "item",
                    "weight": 3,
                    "name": "minecraft:iron_boots",
                    "quality": 1,
                    "functions": [
                        {
                            "function": "set_nbt",
                            "tag": "{display:{Name:'{\"text\":\"Grave Kickers\",\"color\":\"blue\",\"bold\":true,\"italic\":true}'},Enchantments:[{id:\"minecraft:protection\",lvl:3s},{id:\"minecraft:feather_falling\",lvl:3s},{id:\"minecraft:mending\",lvl:1s},{id:\"minecraft:vanishing_curse\",lvl:1s}]}"
                        }
                    ]
                },
                {
                    "type": "item",
                    "weight": 3,
                    "name": "minecraft:iron_chestplate",
                    "quality": 1,
                    "functions": [
                        {
                            "function": "set_nbt",
                            "tag": "{display:{Name:'{\"text\":\"Grave Chestplate\",\"color\":\"blue\",\"bold\":true,\"italic\":true}'},Enchantments:[{id:\"minecraft:protection\",lvl:3s},{id:\"minecraft:mending\",lvl:1s},{id:\"minecraft:vanishing_curse\",lvl:1s}]}"
                        }
                    ]
                },
                {
                    "type": "item",
                    "weight": 3,
                    "name": "minecraft:iron_leggings",
                    "quality": 1,
                    "functions": [
                        {
                            "function": "set_nbt",
                            "tag": "{display:{Name:'{\"text\":\"Grave Leggings\",\"color\":\"blue\",\"bold\":true,\"italic\":true}'},Enchantments:[{id:\"minecraft:projectile_protection\",lvl:3s},{id:\"minecraft:mending\",lvl:1s},{id:\"minecraft:vanishing_curse\",lvl:1s}]}"
                        }
                    ]
                },
                {
                    "type": "item",
                    "weight": 3,
                    "name": "minecraft:iron_helmet",
                    "quality": 1,
                    "functions": [
                        {
                            "function": "set_nbt",
                            "tag": "{display:{Name:'{\"text\":\"Grave Helm\",\"color\":\"blue\",\"bold\":true,\"italic\":true}'},Enchantments:[{id:\"minecraft:projectile_protection\",lvl:3s},{id:\"minecraft:mending\",lvl:1s},{id:\"minecraft:vanishing_curse\",lvl:1s}]}"
                        }
                    ]
                },
                {
                    "type": "item",
                    "weight": 3,
                    "name": "minecraft:iron_shovel",
                    "quality": 1,
                    "functions": [
                        {
                            "function": "set_nbt",
                            "tag": "{display:{Name:'{\"text\":\"Grave Spade\",\"bold\":true,\"italic\":true}'},Enchantments:[{id:\"minecraft:silk_touch\",lvl:1s},{id:\"minecraft:vanishing_curse\",lvl:1s},{id:\"minecraft:mending\",lvl:1s}]}"
                        }
                    ]
                },
                {
                    "type": "item",
                    "weight": 2,
                    "name": "minecraft:recovery_compass",
                    "quality": 1
                },
                {
                    "type": "item",
                    "weight": 2,
                    "name": "minecraft:iron_sword",
                    "quality": 1,
                    "functions": [
                        {
                            "function": "set_nbt",
                            "tag": "{display:{Name:'{\"text\":\"Pest Keeper\",\"bold\":true,\"italic\":true}'},HideFlags:1,CustomModelData:555557,pestkeeper:1b,Enchantments:[{id:\"minecraft:sharpness\",lvl:1s},{id:\"minecraft:bane_of_arthropods\",lvl:5s},{id:\"minecraft:sweeping\",lvl:3s},{id:\"minecraft:unbreaking\",lvl:3s}]}"
                        }
                    ]
                },
                {
                    "type": "item",
                    "weight": 2,
                    "name": "minecraft:iron_sword",
                    "quality": 1,
                    "functions": [
                        {
                            "function": "set_nbt",
                            "tag": "{display:{Name:'{\"text\":\"Coal Train\",\"bold\":true,\"italic\":true}'},HideFlags:1,CustomModelData:555559,coaltrain:1b,Enchantments:[{id:\"minecraft:sharpness\",lvl:2s},{id:\"minecraft:fire_aspect\",lvl:3s},{id:\"minecraft:knockback\",lvl:2s},{id:\"minecraft:unbreaking\",lvl:2s}]}"
                        }
                    ]
                },
                {
                    "type": "item",
                    "weight": 2,
                    "name": "minecraft:iron_sword",
                    "quality": 1,
                    "functions": [
                        {
                            "function": "set_nbt",
                            "tag": "{display:{Name:'{\"text\":\"Skeel Blade\",\"bold\":true,\"italic\":true}'},HideFlags:1,Unbreakable:0b,CustomModelData:555555,skeelblade:1b,Enchantments:[{id:\"minecraft:sharpness\",lvl:2s},{id:\"minecraft:knockback\",lvl:3s},{id:\"minecraft:sweeping\",lvl:3s},{id:\"minecraft:unbreaking\",lvl:3s}]}"
                        }
                    ]
                },
                {
                    "type": "item",
                    "weight": 2,
                    "name": "minecraft:stick",
                    "quality": 1,
                    "functions": [
                        {
                            "function": "set_nbt",
                            "tag": "{display:{Name:'{\"text\":\"Unenchanted Staff\"}'},CustomModelData:303030,staff:1b}"
                        }
                    ]
                },
                {
                    "type": "item",
                    "weight": 2,
                    "name": "minecraft:enchanted_golden_apple",
                    "quality": 1
                },
                {
                    "type": "item",
                    "weight": 1,
                    "name": "minecraft:item_frame",
                    "quality": 1,
                    "functions": [
                        {
                            "function": "set_nbt",
                            "tag": "{display:{Name:'{\"text\":\"Plate of Wealth\"}'},CustomModelData:222223,EntityTag:{Silent:1b,Tags:[\"wealth\"],Item:{id:\"minecraft:item_frame\",Count:1b,tag:{CustomModelData:222223}},Invulnerable:1b,Invisible:1b,Fixed:1b}}"
                        }
                    ]
                },
                {
                    "type": "item",
                    "weight": 1,
                    "name": "minecraft:item_frame",
                    "quality": 1,
                    "functions": [
                        {
                            "function": "set_nbt",
                            "tag": "{display:{Name:'{\"text\":\"Plate of Wrath\"}'},CustomModelData:222222,EntityTag:{Silent:1b,Tags:[\"wrath\"],Item:{id:\"minecraft:item_frame\",Count:1b,tag:{CustomModelData:222222}},Invulnerable:1b,Invisible:1b,Fixed:1b}}"
                        }
                    ]
                },
                {
                    "type": "item",
                    "weight": 1,
                    "name": "minecraft:music_disc_11",
                    "quality": 1
                },
                {
                    "type": "item",
                    "weight": 1,
                    "name": "minecraft:phantom_spawn_egg",
                    "quality": 1,
                    "functions": [
                        {
                            "function": "set_nbt",
                            "tag": "{display:{Name:'{\"text\":\"Willowbee Spawn Egg\"}'},CustomModelData:555576,EntityTag:{Tags:[\"Willowbeeegg\"]}}"
                        }
                    ]
                },
                {
                    "type": "item",
                    "weight": 1,
                    "name": "minecraft:red_dye",
                    "quality": 1,
                    "functions": [
                        {
                            "function": "set_nbt",
                            "tag": "{display:{Name:'{\"text\":\"Chaos Orb\"}'},CustomModelData:231313,chaos_orb:1b}"
                        }
                    ]
                },
                {
                    "type": "item",
                    "weight": 1,
                    "name": "minecraft:blue_dye",
                    "quality": 1,
                    "functions": [
                        {
                            "function": "set_nbt",
                            "tag": "{display:{Name:'{\"text\":\"Harmony Orb\"}'},CustomModelData:241414,harmony_orb:1b}"
                        }
                    ]
                },
                {
                    "type": "item",
                    "weight": 1,
                    "name": "minecraft:yellow_dye",
                    "quality": 1,
                    "functions": [
                        {
                            "function": "set_nbt",
                            "tag": "{display:{Name:'{\"text\":\"Lucky Orb\"}'},CustomModelData:251515,lucky_orb:1b}"
                        }
                    ]
                },
                {
                    "type": "item",
                    "weight": 1,
                    "name": "minecraft:carrot_on_a_stick",
                    "quality": 1,
                    "functions": [
                        {
                            "function": "set_nbt",
                            "tag": "{display:{Name:'{\"text\":\"Bonelock Pistol\"}'},CustomModelData:977777,bonelock:1b}"
                        }
                    ]
                },
                {
                    "type": "item",
                    "weight": 1,
                    "name": "minecraft:carrot_on_a_stick",
                    "quality": 1,
                    "functions": [
                        {
                            "function": "set_nbt",
                            "tag": "{display:{Name:'{\"text\":\"Bonesplitter\"}'},HideFlags:1,CustomModelData:888888,bonesplitter:1b,Enchantments:[{id:\"minecraft:knockback\",lvl:1s}]}"
                        }
                    ]
                },
                {
                    "type": "item",
                    "weight": 1,
                    "name": "minecraft:carrot_on_a_stick",
                    "quality": 1,
                    "functions": [
                        {
                            "function": "set_nbt",
                            "tag": "{display:{Name:'{\"text\":\"Bonesket\"}'},HideFlags:1,CustomModelData:977778,bonesket:1b,Enchantments:[{id:\"minecraft:knockback\",lvl:1s},{id:\"minecraft:sharpness\",lvl:3s}]}"
                        }
                    ]
                }
            ]
        }
    ]
}