{
    "pools": [
        {
            "rolls": {
                "min": 8,
                "max": 16
            },
            "entries": [
                {
                    "type": "item",
                    "weight": 270,
                    "name": "minecraft:iron_ingot",
                    "quality": 1
                },
                {
                    "type": "item",
                    "weight": 270,
                    "name": "minecraft:gold_ingot",
                    "quality": 1
                },
                {
                    "type": "item",
                    "weight": 270,
                    "name": "minecraft:emerald",
                    "quality": 1
                },
                {
                    "type": "item",
                    "weight": 270,
                    "name": "minecraft:gunpowder",
                    "quality": 1
                },
                {
                    "type": "item",
                    "weight": 270,
                    "name": "minecraft:book",
                    "quality": 1
                },
                {
                    "type": "item",
                    "weight": 270,
                    "name": "minecraft:yellow_dye",
                    "quality": 1,
                    "functions": [
                        {
                            "function": "set_nbt",
                            "tag": "{display:{Name:'{\"text\":\"Lucky Essence\"}'},CustomModelData:151515,lucky:1b}"
                        }
                    ]
                },
                {
                    "type": "item",
                    "weight": 270,
                    "name": "minecraft:golden_apple",
                    "quality": 1
                },
                {
                    "type": "item",
                    "weight": 270,
                    "name": "minecraft:experience_bottle",
                    "quality": 1
                },
                {
                    "type": "item",
                    "weight": 90,
                    "name": "minecraft:coal_block",
                    "quality": 1
                },
                {
                    "type": "item",
                    "weight": 90,
                    "name": "minecraft:iron_block",
                    "quality": 1
                },
                {
                    "type": "item",
                    "weight": 70,
                    "name": "minecraft:gold_block",
                    "quality": 1
                },
                {
                    "type": "item",
                    "weight": 70,
                    "name": "minecraft:emerald_block",
                    "quality": 1
                },
                {
                    "type": "item",
                    "weight": 30,
                    "name": "minecraft:snowball",
                    "quality": 1,
                    "functions": [
                        {
                            "function": "set_nbt",
                            "tag": "{display:{Name:'{\"text\":\"Bone Dust Bomb\"}'},CustomModelData:100421,bdb:1b}"
                        }
                    ]
                },
                {
                    "type": "item",
                    "weight": 30,
                    "name": "minecraft:ender_pearl",
                    "quality": 1
                },
                {
                    "type": "item",
                    "weight": 30,
                    "name": "minecraft:diamond",
                    "quality": 1
                },
                {
                    "type": "item",
                    "weight": 10,
                    "name": "minecraft:book",
                    "functions": [
                        {
                            "function": "set_nbt",
                            "tag": "{display:{Name:'{\"text\":\"Magic Tome\"}'},HideFlags:1,CustomModelData:234444,tome:1b}"
                        }
                    ]
                },
                {
                    "type": "item",
                    "weight": 10,
                    "name": "minecraft:splash_potion",
                    "quality": 1,
                    "functions": [
                        {
                            "function": "set_nbt",
                            "tag": "{Potion:\"minecraft:strong_healing\"}"
                        }
                    ]
                },
                {
                    "type": "item",
                    "weight": 10,
                    "name": "minecraft:potion",
                    "quality": 1,
                    "functions": [
                        {
                            "function": "set_nbt",
                            "tag": "{Potion:\"minecraft:regeneration\"}"
                        }
                    ]
                },
                {
                    "type": "item",
                    "weight": 10,
                    "name": "minecraft:potion",
                    "quality": 1,
                    "functions": [
                        {
                            "function": "set_nbt",
                            "tag": "{Potion:\"minecraft:weakness\"}"
                        }
                    ]
                },
                {
                    "type": "item",
                    "weight": 10,
                    "name": "minecraft:potion",
                    "quality": 1,
                    "functions": [
                        {
                            "function": "set_nbt",
                            "tag": "{Potion:strong_turtle_master}"
                        }
                    ]
                },
                {
                    "type": "item",
                    "weight": 10,
                    "name": "minecraft:splash_potion",
                    "quality": 1,
                    "functions": [
                        {
                            "function": "set_nbt",
                            "tag": "{Potion:\"minecraft:healing\"}"
                        }
                    ]
                },
                {
                    "type": "item",
                    "weight": 10,
                    "name": "minecraft:potion",
                    "quality": 1,
                    "functions": [
                        {
                            "function": "set_nbt",
                            "tag": "{Potion:strong_swiftness}"
                        }
                    ]
                },
                {
                    "type": "item",
                    "weight": 10,
                    "name": "minecraft:iron_horse_armor",
                    "quality": 1
                },
                {
                    "type": "item",
                    "weight": 10,
                    "name": "minecraft:golden_horse_armor",
                    "quality": 1
                },
                {
                    "type": "item",
                    "weight": 10,
                    "name": "minecraft:saddle",
                    "quality": 1
                },
                {
                    "type": "item",
                    "weight": 10,
                    "name": "minecraft:name_tag",
                    "quality": 1
                },
                {
                    "type": "item",
                    "weight": 10,
                    "name": "minecraft:lead",
                    "quality": 1
                },
                {
                    "type": "item",
                    "weight": 5,
                    "name": "minecraft:crossbow",
                    "quality": 1,
                    "functions": [
                        {
                            "function": "set_nbt",
                            "tag": "{display:{Name:'{\"text\":\"Vault Plunder\\'s Crossbow\",\"color\":\"blue\",\"bold\":true,\"italic\":true}'},Enchantments:[{id:\"minecraft:multishot\",lvl:2s},{id:\"minecraft:quick_charge\",lvl:2s},{id:\"minecraft:unbreaking\",lvl:3s}]}"
                        }
                    ]
                },
                {
                    "type": "item",
                    "weight": 5,
                    "name": "minecraft:cake",
                    "quality": 1
                },
                {
                    "type": "item",
                    "weight": 5,
                    "name": "minecraft:trident",
                    "quality": 1,
                    "functions": [
                        {
                            "function": "set_nbt",
                            "tag": "{display:{Name:'{\"text\":\"Vault Keeper\\'s Trident\",\"bold\":true,\"italic\":true}'},Enchantments:[{id:\"minecraft:loyalty\",lvl:2s},{id:\"minecraft:impaling\",lvl:2s},{id:\"minecraft:unbreaking\",lvl:3s}]}"
                        }
                    ]
                },
                {
                    "type": "item",
                    "weight": 5,
                    "name": "minecraft:spyglass",
                    "quality": 1
                },
                {
                    "type": "item",
                    "weight": 5,
                    "name": "minecraft:recovery_compass",
                    "quality": 1
                },
                {
                    "type": "item",
                    "weight": 3,
                    "name": "minecraft:diamond_block",
                    "quality": 1
                },
                {
                    "type": "item",
                    "weight": 3,
                    "name": "minecraft:netherite_scrap",
                    "quality": 1
                },
                {
                    "type": "item",
                    "weight": 3,
                    "name": "minecraft:totem_of_undying",
                    "quality": 1
                },
                {
                    "type": "item",
                    "weight": 3,
                    "name": "minecraft:fishing_rod",
                    "quality": 1,
                    "functions": [
                        {
                            "function": "set_nbt",
                            "tag": "{display:{Name:'{\"text\":\"Kingfisher\"}'},Enchantments:[{id:\"minecraft:luck_of_the_sea\",lvl:2s},{id:\"minecraft:lure\",lvl:2s},{id:\"minecraft:unbreaking\",lvl:2s}]}"
                        }
                    ]
                },
                {
                    "type": "item",
                    "weight": 3,
                    "name": "minecraft:iron_pickaxe",
                    "quality": 1,
                    "functions": [
                        {
                            "function": "set_nbt",
                            "tag": "{display:{Name:'{\"text\":\"Polished Pickaxe\",\"bold\":true,\"italic\":true}'},Enchantments:[{id:\"minecraft:efficiency\",lvl:2s},{id:\"minecraft:unbreaking\",lvl:3s},{id:\"minecraft:fortune\",lvl:2s}]}"
                        }
                    ]
                },
                {
                    "type": "item",
                    "weight": 3,
                    "name": "minecraft:iron_axe",
                    "quality": 1,
                    "functions": [
                        {
                            "function": "set_nbt",
                            "tag": "{display:{Name:'{\"text\":\"Polished Hatchet\",\"bold\":true,\"italic\":true}'},Enchantments:[{id:\"minecraft:efficiency\",lvl:2s},{id:\"minecraft:unbreaking\",lvl:3s}]}"
                        }
                    ]
                },
                {
                    "type": "item",
                    "weight": 3,
                    "name": "minecraft:iron_sword",
                    "quality": 1,
                    "functions": [
                        {
                            "function": "set_nbt",
                            "tag": "{display:{Name:'{\"text\":\"Polished Irony\",\"bold\":true,\"italic\":true}'},Enchantments:[{id:\"minecraft:sharpness\",lvl:3s},{id:\"minecraft:knockback\",lvl:2s},{id:\"minecraft:looting\",lvl:2s},{id:\"minecraft:unbreaking\",lvl:3s}]}"
                        }
                    ]
                },
                {
                    "type": "item",
                    "weight": 3,
                    "name": "minecraft:iron_shovel",
                    "quality": 1,
                    "functions": [
                        {
                            "function": "set_nbt",
                            "tag": "{display:{Name:'{\"text\":\"Polished Spade\",\"bold\":true,\"italic\":true}'},Enchantments:[{id:\"minecraft:silk_touch\",lvl:1s},{id:\"minecraft:unbreaking\",lvl:3s}]}"
                        }
                    ]
                },
                {
                    "type": "item",
                    "weight": 3,
                    "name": "minecraft:iron_helmet",
                    "quality": 1,
                    "functions": [
                        {
                            "function": "set_nbt",
                            "tag": "{display:{Name:'{\"text\":\"Polished Helm\",\"color\":\"blue\",\"bold\":true,\"italic\":true}'},Enchantments:[{id:\"minecraft:projectile_protection\",lvl:4s},{id:\"minecraft:unbreaking\",lvl:3s}]}"
                        }
                    ]
                },
                {
                    "type": "item",
                    "weight": 3,
                    "name": "minecraft:iron_boots",
                    "quality": 1,
                    "functions": [
                        {
                            "function": "set_nbt",
                            "tag": "{display:{Name:'{\"text\":\"Polished Kickers\",\"color\":\"blue\",\"bold\":true,\"italic\":true}'},Enchantments:[{id:\"minecraft:protection\",lvl:4s},{id:\"minecraft:feather_falling\",lvl:3s},{id:\"minecraft:unbreaking\",lvl:3s}]}"
                        }
                    ]
                },
                {
                    "type": "item",
                    "weight": 3,
                    "name": "minecraft:iron_chestplate",
                    "quality": 1,
                    "functions": [
                        {
                            "function": "set_nbt",
                            "tag": "{display:{Name:'{\"text\":\"Polished Chestplate\",\"color\":\"blue\",\"bold\":true,\"italic\":true}'},Enchantments:[{id:\"minecraft:protection\",lvl:4s},{id:\"minecraft:unbreaking\",lvl:3s}]}"
                        }
                    ]
                },
                {
                    "type": "item",
                    "weight": 3,
                    "name": "minecraft:iron_leggings",
                    "quality": 1,
                    "functions": [
                        {
                            "function": "set_nbt",
                            "tag": "{display:{Name:'{\"text\":\"Polished Leggings\",\"color\":\"blue\",\"bold\":true,\"italic\":true}'},Enchantments:[{id:\"minecraft:projectile_protection\",lvl:4s},{id:\"minecraft:unbreaking\",lvl:3s}]}"
                        }
                    ]
                },
                {
                    "type": "item",
                    "weight": 3,
                    "name": "minecraft:diamond_pickaxe",
                    "quality": 1,
                    "functions": [
                        {
                            "function": "set_nbt",
                            "tag": "{display:{Name:'{\"text\":\"Cursed Pickaxe\",\"bold\":true,\"italic\":true}'},Enchantments:[{id:\"minecraft:efficiency\",lvl:3s},{id:\"minecraft:mending\",lvl:1s},{id:\"minecraft:fortune\",lvl:2s},{id:\"minecraft:vanishing_curse\",lvl:1s}]}"
                        }
                    ]
                },
                {
                    "type": "item",
                    "weight": 3,
                    "name": "minecraft:diamond_axe",
                    "quality": 1,
                    "functions": [
                        {
                            "function": "set_nbt",
                            "tag": "{display:{Name:'{\"text\":\"Cursed Hatchet\",\"bold\":true,\"italic\":true}'},Enchantments:[{id:\"minecraft:efficiency\",lvl:2s},{id:\"minecraft:mending\",lvl:1s},{id:\"minecraft:vanishing_curse\",lvl:1s},{id:\"minecraft:mending\",lvl:1s}]}"
                        }
                    ]
                },
                {
                    "type": "item",
                    "weight": 3,
                    "name": "minecraft:diamond_sword",
                    "quality": 1,
                    "functions": [
                        {
                            "function": "set_nbt",
                            "tag": "{display:{Name:'{\"text\":\"Cursed Irony\",\"bold\":true,\"italic\":true}'},Enchantments:[{id:\"minecraft:sharpness\",lvl:2s},{id:\"minecraft:knockback\",lvl:2s},{id:\"minecraft:looting\",lvl:2s},{id:\"minecraft:mending\",lvl:1s},{id:\"minecraft:vanishing_curse\",lvl:1s}]}"
                        }
                    ]
                },
                {
                    "type": "item",
                    "weight": 3,
                    "name": "minecraft:diamond_shovel",
                    "quality": 1,
                    "functions": [
                        {
                            "function": "set_nbt",
                            "tag": "{display:{Name:'{\"text\":\"Cursed Spade\",\"bold\":true,\"italic\":true}'},Enchantments:[{id:\"minecraft:silk_touch\",lvl:1s},{id:\"minecraft:vanishing_curse\",lvl:1s}]}"
                        }
                    ]
                },
                {
                    "type": "item",
                    "weight": 3,
                    "name": "minecraft:diamond_boots",
                    "quality": 1,
                    "functions": [
                        {
                            "function": "set_nbt",
                            "tag": "{display:{Name:'{\"text\":\"Cursed Kickers\",\"color\":\"blue\",\"bold\":true,\"italic\":true}'},Enchantments:[{id:\"minecraft:protection\",lvl:3s},{id:\"minecraft:feather_falling\",lvl:3s},{id:\"minecraft:mending\",lvl:1s},{id:\"minecraft:vanishing_curse\",lvl:1s}]}"
                        }
                    ]
                },
                {
                    "type": "item",
                    "weight": 3,
                    "name": "minecraft:diamond_chestplate",
                    "quality": 1,
                    "functions": [
                        {
                            "function": "set_nbt",
                            "tag": "{display:{Name:'{\"text\":\"Cursed Chestplate\",\"color\":\"blue\",\"bold\":true,\"italic\":true}'},Enchantments:[{id:\"minecraft:protection\",lvl:3s},{id:\"minecraft:mending\",lvl:1s},{id:\"minecraft:vanishing_curse\",lvl:1s}]}"
                        }
                    ]
                },
                {
                    "type": "item",
                    "weight": 3,
                    "name": "minecraft:diamond_leggings",
                    "quality": 1,
                    "functions": [
                        {
                            "function": "set_nbt",
                            "tag": "{display:{Name:'{\"text\":\"Cursed Leggings\",\"color\":\"blue\",\"bold\":true,\"italic\":true}'},Enchantments:[{id:\"minecraft:projectile_protection\",lvl:3s},{id:\"minecraft:mending\",lvl:1s},{id:\"minecraft:vanishing_curse\",lvl:1s}]}"
                        }
                    ]
                },
                {
                    "type": "item",
                    "weight": 3,
                    "name": "minecraft:diamond_helmet",
                    "quality": 1,
                    "functions": [
                        {
                            "function": "set_nbt",
                            "tag": "{display:{Name:'{\"text\":\"Cursed Helm\",\"color\":\"blue\",\"bold\":true,\"italic\":true}'},Enchantments:[{id:\"minecraft:projectile_protection\",lvl:3s},{id:\"minecraft:mending\",lvl:1s},{id:\"minecraft:vanishing_curse\",lvl:1s}]}"
                        }
                    ]
                },
                {
                    "type": "item",
                    "weight": 2,
                    "name": "minecraft:iron_sword",
                    "quality": 1,
                    "functions": [
                        {
                            "function": "set_nbt",
                            "tag": "{display:{Name:'{\"text\":\"Pest Keeper\",\"bold\":true,\"italic\":true}'},HideFlags:1,CustomModelData:555557,pestkeeper:1b,Enchantments:[{id:\"minecraft:sharpness\",lvl:1s},{id:\"minecraft:bane_of_arthropods\",lvl:5s},{id:\"minecraft:sweeping\",lvl:3s},{id:\"minecraft:unbreaking\",lvl:3s}]}"
                        }
                    ]
                },
                {
                    "type": "item",
                    "weight": 2,
                    "name": "minecraft:iron_sword",
                    "quality": 1,
                    "functions": [
                        {
                            "function": "set_nbt",
                            "tag": "{display:{Name:'{\"text\":\"Skeel Blade\",\"bold\":true,\"italic\":true}'},HideFlags:1,Unbreakable:0b,CustomModelData:555555,skeelblade:1b,Enchantments:[{id:\"minecraft:sharpness\",lvl:2s},{id:\"minecraft:knockback\",lvl:3s},{id:\"minecraft:sweeping\",lvl:3s},{id:\"minecraft:unbreaking\",lvl:3s}]}"
                        }
                    ]
                },
                {
                    "type": "item",
                    "weight": 2,
                    "name": "minecraft:iron_sword",
                    "quality": 1,
                    "functions": [
                        {
                            "function": "set_nbt",
                            "tag": "{display:{Name:'{\"text\":\"Coal Train\",\"bold\":true,\"italic\":true}'},HideFlags:1,CustomModelData:555559,coaltrain:1b,Enchantments:[{id:\"minecraft:sharpness\",lvl:2s},{id:\"minecraft:fire_aspect\",lvl:3s},{id:\"minecraft:knockback\",lvl:2s},{id:\"minecraft:unbreaking\",lvl:2s}]}"
                        }
                    ]
                },
                {
                    "type": "item",
                    "weight": 2,
                    "name": "minecraft:diamond_sword",
                    "quality": 1,
                    "functions": [
                        {
                            "function": "set_nbt",
                            "tag": "{display:{Name:'{\"text\":\"Elite Skeel Blade\",\"bold\":true,\"italic\":true}'},HideFlags:1,Unbreakable:0b,CustomModelData:555556,skeelblade:1b,Enchantments:[{id:\"minecraft:sharpness\",lvl:3s},{id:\"minecraft:knockback\",lvl:4s},{id:\"minecraft:sweeping\",lvl:3s},{id:\"minecraft:unbreaking\",lvl:3s}]}"
                        }
                    ]
                },
                {
                    "type": "item",
                    "weight": 2,
                    "name": "minecraft:diamond_sword",
                    "quality": 1,
                    "functions": [
                        {
                            "function": "set_nbt",
                            "tag": "{display:{Name:'{\"text\":\"Cake Blade\",\"bold\":true,\"italic\":true}'},HideFlags:1,Unbreakable:0b,CustomModelData:355557,cakeblade:1b,Enchantments:[{id:\"minecraft:sharpness\",lvl:3s},{id:\"minecraft:sweeping\",lvl:3s},{id:\"minecraft:looting\",lvl:3s},{id:\"minecraft:unbreaking\",lvl:3s}]}"
                        }
                    ]
                },
                {
                    "type": "item",
                    "weight": 2,
                    "name": "minecraft:stick",
                    "quality": 1,
                    "functions": [
                        {
                            "function": "set_nbt",
                            "tag": "{display:{Name:'{\"text\":\"Unenchanted Staff\"}'},CustomModelData:303030,staff:1b}"
                        }
                    ]
                },
                {
                    "type": "item",
                    "weight": 2,
                    "name": "minecraft:carrot_on_a_stick",
                    "quality": 1,
                    "functions": [
                        {
                            "function": "set_nbt",
                            "tag": "{display:{Name:'{\"text\":\"Bonelock Pistol\"}'},CustomModelData:977777,bonelock:1b}"
                        }
                    ]
                },
                {
                    "type": "item",
                    "weight": 1,
                    "name": "minecraft:netherite_sword",
                    "quality": 1,
                    "functions": [
                        {
                            "function": "set_nbt",
                            "tag": "{display:{Name:'{\"text\":\"X-Finity Blade (Coreless)\",\"bold\":true,\"italic\":true}'},HideFlags:1,Unbreakable:0b,CustomModelData:666444,xblade:1b,Enchantments:[{id:\"minecraft:sharpness\",lvl:3s},{id:\"minecraft:knockback\",lvl:1s},{id:\"minecraft:unbreaking\",lvl:3s}]}"
                        }
                    ]
                },
                {
                    "type": "item",
                    "weight": 2,
                    "name": "minecraft:enchanted_golden_apple",
                    "quality": 1
                },
                {
                    "type": "item",
                    "weight": 1,
                    "name": "minecraft:item_frame",
                    "quality": 1,
                    "functions": [
                        {
                            "function": "set_nbt",
                            "tag": "{display:{Name:'{\"text\":\"Plate of Wealth\"}'},CustomModelData:222223,EntityTag:{Silent:1b,Tags:[\"wealth\"],Item:{id:\"minecraft:item_frame\",Count:1b,tag:{CustomModelData:222223}},Invulnerable:1b,Invisible:1b,Fixed:1b}}"
                        }
                    ]
                },
                {
                    "type": "item",
                    "weight": 1,
                    "name": "minecraft:item_frame",
                    "quality": 1,
                    "functions": [
                        {
                            "function": "set_nbt",
                            "tag": "{display:{Name:'{\"text\":\"Plate of Wrath\"}'},CustomModelData:222222,EntityTag:{Silent:1b,Tags:[\"wrath\"],Item:{id:\"minecraft:item_frame\",Count:1b,tag:{CustomModelData:222222}},Invulnerable:1b,Invisible:1b,Fixed:1b}}"
                        }
                    ]
                },
                {
                    "type": "item",
                    "weight": 1,
                    "name": "minecraft:music_disc_11",
                    "quality": 1
                },
                {
                    "type": "item",
                    "weight": 1,
                    "name": "minecraft:phantom_spawn_egg",
                    "quality": 1,
                    "functions": [
                        {
                            "function": "set_nbt",
                            "tag": "{display:{Name:'{\"text\":\"Willowbee Spawn Egg\"}'},CustomModelData:555576,EntityTag:{Tags:[\"willowbeeegg\"]}}"
                        }
                    ]
                },
                {
                    "type": "item",
                    "weight": 1,
                    "name": "minecraft:orange_dye",
                    "quality": 1,
                    "functions": [
                        {
                            "function": "set_nbt",
                            "tag": "{display:{Name:'{\"text\":\"Dangerous Orb\"}'},CustomModelData:251515,dangerous_orb:1b}"
                        }
                    ]
                },
                {
                    "type": "item",
                    "weight": 1,
                    "name": "minecraft:red_dye",
                    "quality": 1,
                    "functions": [
                        {
                            "function": "set_nbt",
                            "tag": "{display:{Name:'{\"text\":\"Chaos Orb\"}'},CustomModelData:231313,chaos_orb:1b}"
                        }
                    ]
                },
                {
                    "type": "item",
                    "weight": 1,
                    "name": "minecraft:blue_dye",
                    "quality": 1,
                    "functions": [
                        {
                            "function": "set_nbt",
                            "tag": "{display:{Name:'{\"text\":\"Harmony Orb\"}'},CustomModelData:241414,harmony_orb:1b}"
                        }
                    ]
                },
                {
                    "type": "item",
                    "weight": 1,
                    "name": "minecraft:yellow_dye",
                    "quality": 1,
                    "functions": [
                        {
                            "function": "set_nbt",
                            "tag": "{display:{Name:'{\"text\":\"Lucky Orb\"}'},CustomModelData:251515,lucky_orb:1b}"
                        }
                    ]
                },
                {
                    "type": "item",
                    "weight": 1,
                    "name": "minecraft:carrot_on_a_stick",
                    "quality": 1,
                    "functions": [
                        {
                            "function": "set_nbt",
                            "tag": "{display:{Name:'{\"text\":\"Bonesplitter\"}'},HideFlags:1,CustomModelData:888888,bonesplitter:1b,Enchantments:[{id:\"minecraft:knockback\",lvl:1s}]}"
                        }
                    ]
                },
                {
                    "type": "item",
                    "weight": 1,
                    "name": "minecraft:carrot_on_a_stick",
                    "quality": 1,
                    "functions": [
                        {
                            "function": "set_nbt",
                            "tag": "{display:{Name:'{\"text\":\"Bonesket\"}'},HideFlags:1,CustomModelData:977778,bonesket:1b,Enchantments:[{id:\"minecraft:knockback\",lvl:1s},{id:\"minecraft:sharpness\",lvl:3s}]}"
                        }
                    ]
                }
            ]
        }
    ]
}