{
    "pools": [
        {
            "rolls": {
                "min": 5,
                "max": 10
            },
            "entries": [
                {
                    "type": "item",
                    "weight": 8,
                    "name": "minecraft:bookshelf",
                    "quality": 1
                },
                {
                    "type": "item",
                    "weight": 6,
                    "name": "minecraft:lapis_block",
                    "quality": 1
                },
                {
                    "type": "item",
                    "weight": 6,
                    "name": "minecraft:coal_block",
                    "quality": 1
                },
                {
                    "type": "item",
                    "weight": 16,
                    "name": "minecraft:iron_block",
                    "quality": 1
                },
                {
                    "type": "item",
                    "weight": 6,
                    "name": "minecraft:gold_block",
                    "quality": 1
                },
                {
                    "type": "item",
                    "weight": 16,
                    "name": "minecraft:emerald_block",
                    "quality": 1
                },
                {
                    "type": "item",
                    "weight": 4,
                    "name": "minecraft:diamond",
                    "quality": 1
                },
                {
                    "type": "item",
                    "weight": 4,
                    "name": "minecraft:totem_of_undying",
                    "quality": 1
                },
                {
                    "type": "item",
                    "weight": 1,
                    "name": "minecraft:diamond_block",
                    "quality": 1
                },
                {
                    "type": "item",
                    "weight": 1,
                    "name": "minecraft:netherite_scrap",
                    "quality": 1
                },
                {
                    "type": "item",
                    "weight": 2,
                    "name": "minecraft:enchanting_table",
                    "quality": 1
                },
                {
                    "type": "item",
                    "weight": 2,
                    "name": "minecraft:enchanted_golden_apple",
                    "quality": 1
                }
            ]
        }
    ]
}