[
    {
        "function": "minecraft:set_damage",
        "damage": {
            "min": 0.25,
            "max": 0.75
        },
        "add": false
    },
    {
        "function": "minecraft:set_nbt",
        "tag": "{Custom:rapier,CustomModelData:10000,display:{Name:'{\"text\": \"Iron Rapier\", \"color\": \"white\", \"bold\": false, \"italic\": false}'},Enchantments:[]}",
        "conditions": [
            {
                "condition": "minecraft:random_chance",
                "chance": 0.25
            }
        ]
    },
    {
        "function": "minecraft:set_nbt",
        "tag": "{Custom:greatsword,CustomModelData:10001,display:{Name:'{\"text\": \"Iron Greatsword\", \"color\": \"aqua\", \"bold\": false, \"italic\": false}'},Enchantments:[{id:\"minecraft:sweeping\",lvl:5}]}",
        "conditions": [
            {
                "condition": "minecraft:random_chance",
                "chance": 0.25
            }
        ]
    },
    {
        "function": "minecraft:set_nbt",
        "tag": "{Custom:saber,CustomModelData:10002,display:{Name:'{\"text\": \"Iron Saber\", \"color\": \"aqua\", \"bold\": false, \"italic\": false}'},Enchantments:[{id:\"minecraft:looting\",lvl:5}]}",
        "conditions": [
            {
                "condition": "minecraft:random_chance",
                "chance": 0.25
            }
        ]
    },
    {
        "function": "minecraft:set_nbt",
        "tag": "{Custom:katana,CustomModelData:10003,display:{Name:'{\"text\": \"Iron Katana\", \"color\": \"white\", \"bold\": false, \"italic\": false}'},Enchantments:[]}",
        "conditions": [
            {
                "condition": "minecraft:random_chance",
                "chance": 0.25
            }
        ]
    },
    {
        "function": "minecraft:set_nbt",
        "tag": "{Custom:longsword,CustomModelData:10004,display:{Name:'{\"text\": \"Iron Longsword\", \"color\": \"white\", \"bold\": false, \"italic\": false}'},Enchantments:[]}",
        "conditions": [
            {
                "condition": "minecraft:random_chance",
                "chance": 0.25
            }
        ]
    },
    {
        "function": "minecraft:set_nbt",
        "tag": "{Custom:dagger,CustomModelData:10005,display:{Name:'{\"text\": \"Iron Dagger\", \"color\": \"white\", \"bold\": false, \"italic\": false}'},Enchantments:[]}",
        "conditions": [
            {
                "condition": "minecraft:random_chance",
                "chance": 0.25
            }
        ]
    },
    {
        "function": "minecraft:set_nbt",
        "tag": "{Custom:greataxe,CustomModelData:10006,display:{Name:'{\"text\": \"Iron Greataxe\", \"color\": \"aqua\", \"bold\": false, \"italic\": false}'},Enchantments:[{id:\"minecraft:sweeping\",lvl:5}]}",
        "conditions": [
            {
                "condition": "minecraft:random_chance",
                "chance": 0.25
            }
        ]
    },
    {
        "function": "minecraft:set_nbt",
        "tag": "{Custom:spear,CustomModelData:10007,display:{Name:'{\"text\": \"Iron Spear\", \"color\": \"aqua\", \"bold\": false, \"italic\": false}'},Enchantments:[{id:\"minecraft:knockback\",lvl:2}]}",
        "conditions": [
            {
                "condition": "minecraft:random_chance",
                "chance": 0.25
            }
        ]
    },
    {
        "function": "minecraft:set_damage",
        "damage": {
            "min": 0.25,
            "max": 0.75
        },
        "add": false
    }
]