[
    {
        "function": "minecraft:set_damage",
        "damage": {
            "min": 0.5,
            "max": 0.875
        },
        "add": false,
        "conditions": [
            {
                "condition": "entity_properties",
                "entity": "this",
                "predicate": {
                    "nbt": "{HandItems:[{id:\"minecraft:iron_sword\",Count:1b},{}]}"
                }
            }
        ]
    },
    {
        "function": "minecraft:set_damage",
        "damage": {
            "min": 0.25,
            "max": 0.5
        },
        "add": false,
        "conditions": [
            {
                "condition": "entity_properties",
                "entity": "this",
                "predicate": {
                    "nbt": "{HandItems:[{id:\"minecraft:diamond_sword\",Count:1b},{}]}"
                }
            }
        ]
    },
    {
        "function": "minecraft:set_damage",
        "damage": {
            "min": 0.125,
            "max": 0.325
        },
        "add": false,
        "conditions": [
            {
                "condition": "entity_properties",
                "entity": "this",
                "predicate": {
                    "nbt": "{HandItems:[{id:\"minecraft:netherite_sword\",Count:1b},{}]}"
                }
            }
        ]
    }
]