{
    "condition": "alternative",
    "terms": [
        {
            "condition": "entity_properties",
            "entity": "this",
            "predicate": {
                "nbt": "{SelectedItem:{id:\"minecraft:netherite_sword\",tag:{Custom:rapier,display:{Name:'{\"text\": \"Diamond Rapier\", \"bold\": false, \"italic\": false}'}}}}"
            }
        },
        {
            "condition": "entity_properties",
            "entity": "this",
            "predicate": {
                "nbt": "{SelectedItem:{id:\"minecraft:netherite_sword\",tag:{Custom:rapier,display:{Name:'{\"text\": \"Diamond Rapier\", \"color\": \"aqua\", \"bold\": false, \"italic\": false}'}}}}"
            }
        },
        {
            "condition": "entity_properties",
            "entity": "this",
            "predicate": {
                "nbt": "{SelectedItem:{id:\"minecraft:netherite_sword\",tag:{Custom:greatsword,display:{Name:'{\"text\": \"Diamond Greatsword\", \"bold\": false, \"italic\": false}'}}}}"
            }
        },
        {
            "condition": "entity_properties",
            "entity": "this",
            "predicate": {
                "nbt": "{SelectedItem:{id:\"minecraft:netherite_sword\",tag:{Custom:greatsword,display:{Name:'{\"text\": \"Diamond Greatsword\", \"color\": \"aqua\", \"bold\": false, \"italic\": false}'}}}}"
            }
        },
        {
            "condition": "entity_properties",
            "entity": "this",
            "predicate": {
                "nbt": "{SelectedItem:{id:\"minecraft:netherite_sword\",tag:{Custom:saber,display:{Name:'{\"text\": \"Diamond Saber\", \"bold\": false, \"italic\": false}'}}}}"
            }
        },
        {
            "condition": "entity_properties",
            "entity": "this",
            "predicate": {
                "nbt": "{SelectedItem:{id:\"minecraft:netherite_sword\",tag:{Custom:saber,display:{Name:'{\"text\": \"Diamond Saber\", \"color\": \"aqua\", \"bold\": false, \"italic\": false}'}}}}"
            }
        },
        {
            "condition": "entity_properties",
            "entity": "this",
            "predicate": {
                "nbt": "{SelectedItem:{id:\"minecraft:netherite_sword\",tag:{Custom:katana,display:{Name:'{\"text\": \"Diamond Katana\", \"bold\": false, \"italic\": false}'}}}}"
            }
        },
        {
            "condition": "entity_properties",
            "entity": "this",
            "predicate": {
                "nbt": "{SelectedItem:{id:\"minecraft:netherite_sword\",tag:{Custom:katana,display:{Name:'{\"text\": \"Diamond Katana\", \"color\": \"aqua\", \"bold\": false, \"italic\": false}'}}}}"
            }
        },
        {
            "condition": "entity_properties",
            "entity": "this",
            "predicate": {
                "nbt": "{SelectedItem:{id:\"minecraft:netherite_sword\",tag:{Custom:longsword,display:{Name:'{\"text\": \"Diamond Longsword\", \"bold\": false, \"italic\": false}'}}}}"
            }
        },
        {
            "condition": "entity_properties",
            "entity": "this",
            "predicate": {
                "nbt": "{SelectedItem:{id:\"minecraft:netherite_sword\",tag:{Custom:longsword,display:{Name:'{\"text\": \"Diamond Longsword\", \"color\": \"aqua\", \"bold\": false, \"italic\": false}'}}}}"
            }
        },
        {
            "condition": "entity_properties",
            "entity": "this",
            "predicate": {
                "nbt": "{SelectedItem:{id:\"minecraft:netherite_sword\",tag:{Custom:dagger,display:{Name:'{\"text\": \"Diamond Dagger\", \"bold\": false, \"italic\": false}'}}}}"
            }
        },
        {
            "condition": "entity_properties",
            "entity": "this",
            "predicate": {
                "nbt": "{SelectedItem:{id:\"minecraft:netherite_sword\",tag:{Custom:dagger,display:{Name:'{\"text\": \"Diamond Dagger\", \"color\": \"aqua\", \"bold\": false, \"italic\": false}'}}}}"
            }
        },
        {
            "condition": "entity_properties",
            "entity": "this",
            "predicate": {
                "nbt": "{SelectedItem:{id:\"minecraft:netherite_sword\",tag:{Custom:greataxe,display:{Name:'{\"text\": \"Diamond Greataxe\", \"bold\": false, \"italic\": false}'}}}}"
            }
        },
        {
            "condition": "entity_properties",
            "entity": "this",
            "predicate": {
                "nbt": "{SelectedItem:{id:\"minecraft:netherite_sword\",tag:{Custom:greataxe,display:{Name:'{\"text\": \"Diamond Greataxe\", \"color\": \"aqua\", \"bold\": false, \"italic\": false}'}}}}"
            }
        },
        {
            "condition": "entity_properties",
            "entity": "this",
            "predicate": {
                "nbt": "{SelectedItem:{id:\"minecraft:netherite_sword\",tag:{Custom:spear,display:{Name:'{\"text\": \"Diamond Spear\", \"bold\": false, \"italic\": false}'}}}}"
            }
        },
        {
            "condition": "entity_properties",
            "entity": "this",
            "predicate": {
                "nbt": "{SelectedItem:{id:\"minecraft:netherite_sword\",tag:{Custom:spear,display:{Name:'{\"text\": \"Diamond Spear\", \"color\": \"aqua\", \"bold\": false, \"italic\": false}'}}}}"
            }
        },
        {
            "condition": "entity_properties",
            "entity": "this",
            "predicate": {
                "nbt": "{SelectedItem:{id:\"minecraft:shield\",tag:{Custom:parrying_dagger,display:{Name:'{\"text\": \"Diamond Parrying Dagger\", \"bold\": false, \"italic\": false}'}}}}"
            }
        },
        {
            "condition": "entity_properties",
            "entity": "this",
            "predicate": {
                "nbt": "{SelectedItem:{id:\"minecraft:shield\",tag:{Custom:parrying_dagger,display:{Name:'{\"text\": \"Diamond Parrying Dagger\", \"color\": \"aqua\", \"bold\": false, \"italic\": false}'}}}}"
            }
        }
    ]
}