{
    "pools": [
        {
            "rolls": 1,
            "entries": [
                {
                    "type": "minecraft:item",
                    "name": "minecraft:structure_block",
                    "functions": [
                        {
                            "function": "minecraft:set_name",
                            "name": {
                                "color": "red",
                                "bold": false,
                                "italic": false,
                                "translate": "item.essrpg.common.wisp.fight"
                            },
                            "entity": "this"
                        },
                        {
                            "function": "minecraft:set_lore",
                            "lore": [
                                {
                                    "translate": "item.essrpg.common.wisp.fight.lore.0"
                                },
                                {
                                    "translate": "item.essrpg.common.wisp.fight.lore.1"
                                },
                                {
                                    "translate": "item.essrpg.common.wisp.fight.lore.2"
                                },
                                {
                                    "color": "dark_gray",
                                    "bold": true,
                                    "translate": "item.essrpg.common.wisp.fight.lore.3"
                                }
                            ],
                            "entity": "this"
                        },
                        {
                            "function": "minecraft:set_nbt",
                            "tag": "{esitem:fightwisp,esitemgroup:wispessence,CustomModelData:410004}"
                        }
                    ]
                }
            ]
        }
    ]
}