{
    "comment": "dropped by Pestilus",
    "pools": [
        {
            "rolls": 1,
            "entries": [
                {
                    "type": "minecraft:item",
                    "name": "minecraft:carrot_on_a_stick",
                    "functions": [
                        {
                            "function": "minecraft:set_attributes",
                            "modifiers": [
                                {
                                    "attribute": "minecraft:generic.attack_speed",
                                    "name": "generic.attack_speed",
                                    "amount": -3.8,
                                    "operation": "addition",
                                    "slot": "mainhand"
                                },
                                {
                                    "attribute": "minecraft:generic.movement_speed",
                                    "name": "generic.movement_speed",
                                    "amount": 0.1,
                                    "operation": "multiply_base",
                                    "slot": "mainhand"
                                },
                                {
                                    "attribute": "minecraft:generic.armor",
                                    "name": "generic.armor",
                                    "amount": -0.5,
                                    "operation": "multiply_total",
                                    "slot": "mainhand"
                                },
                                {
                                    "attribute": "minecraft:generic.attack_damage",
                                    "name": "generic.attack_damage",
                                    "amount": 27,
                                    "operation": "addition",
                                    "slot": "mainhand"
                                }
                            ]
                        },
                        {
                            "function": "minecraft:set_name",
                            "entity": "this",
                            "name": {
                                "color": "dark_green",
                                "bold": true,
                                "italic": false,
                                "translate": "item.essrpg.relic.affliction"
                            }
                        },
                        {
                            "function": "minecraft:set_nbt",
                            "tag": "{esitem:affliction,esitemgroup:relicwep,CustomModelData:410040,Enchantments:[{lvl:1s,id:\"minecraft:infinity\"}],HideFlags:1,es.ha.melee:1b}"
                        },
                        {
                            "function": "minecraft:set_lore",
                            "entity": "this",
                            "lore": [
                                {
                                    "translate": "item.essrpg.relic.affliction.lore.0"
                                },
                                {
                                    "translate": "item.essrpg.relic.affliction.lore.1"
                                },
                                {
                                    "translate": "item.essrpg.relic.affliction.lore.2"
                                },
                                {
                                    "color": "gray",
                                    "bold": true,
                                    "translate": "item.essrpg.relic.oldgen"
                                },
                                {
                                    "color": "dark_gray",
                                    "bold": true,
                                    "translate": "item.essrpg.relic.affliction.lore.3"
                                }
                            ]
                        }
                    ]
                }
            ]
        }
    ]
}