{
    "comment": "dropped by magma cubes",
    "type": "minecraft:entity",
    "pools": [
        {
            "rolls": 1,
            "entries": [
                {
                    "type": "minecraft:item",
                    "name": "minecraft:carrot_on_a_stick",
                    "functions": [
                        {
                            "function": "minecraft:set_name",
                            "entity": "this",
                            "name": {
                                "color": "gold",
                                "bold": true,
                                "italic": false,
                                "translate": "item.essrpg.relic.hand_of_formation"
                            }
                        },
                        {
                            "function": "minecraft:set_lore",
                            "entity": "this",
                            "lore": [
                                {
                                    "translate": "item.essrpg.relic.hand_of_formation.lore.0"
                                },
                                {
                                    "translate": "item.essrpg.relic.hand_of_formation.lore.1"
                                },
                                {
                                    "translate": "item.essrpg.relic.hand_of_formation.lore.2"
                                },
                                {
                                    "translate": "item.essrpg.relic.hand_of_formation.lore.3"
                                },
                                {
                                    "translate": "item.essrpg.relic.hand_of_formation.lore.4"
                                },
                                {
                                    "translate": "item.essrpg.relic.hand_of_formation.lore.5"
                                },
                                {
                                    "color": "gray",
                                    "bold": true,
                                    "italic": false,
                                    "translate": "item.essrpg.relic.hand_of_formation.lore.6"
                                },
                                {
                                    "color": "gray",
                                    "bold": false,
                                    "italic": false,
                                    "translate": "item.essrpg.relic.hand_of_formation.lore.7"
                                },
                                {
                                    "color": "gray",
                                    "bold": false,
                                    "italic": false,
                                    "translate": "item.essrpg.relic.hand_of_formation.lore.8"
                                },
                                {
                                    "color": "gray",
                                    "bold": true,
                                    "translate": "item.essrpg.relic.oldgen"
                                },
                                {
                                    "color": "dark_gray",
                                    "bold": true,
                                    "translate": "item.essrpg.relic.hand_of_formation.lore.9"
                                }
                            ]
                        },
                        {
                            "function": "minecraft:set_nbt",
                            "tag": "{CustomModelData:410044,esitem:HoF,esitemgroup:relicwep,Unbreakable:1,Enchantments:[{id:\"minecraft:fire_aspect\",lvl:2}],HideFlags:1,es.ha.melee:1b}"
                        },
                        {
                            "function": "minecraft:set_attributes",
                            "modifiers": [
                                {
                                    "attribute": "minecraft:generic.attack_speed",
                                    "name": "generic.attack_speed",
                                    "amount": -3,
                                    "operation": "addition",
                                    "slot": [
                                        "mainhand"
                                    ]
                                },
                                {
                                    "attribute": "minecraft:generic.attack_damage",
                                    "name": "generic.attack_damage",
                                    "amount": 12,
                                    "operation": "addition",
                                    "slot": [
                                        "mainhand"
                                    ]
                                }
                            ]
                        }
                    ]
                }
            ]
        }
    ]
}