{
    "comment": "Crafted by giving a prot major augment to a turtle shell. This is only an example roll of minor augments that this item can have.",
    "pools": [
        {
            "rolls": 1,
            "entries": [
                {
                    "type": "minecraft:item",
                    "name": "minecraft:turtle_helmet",
                    "functions": [
                        {
                            "function": "minecraft:set_nbt",
                            "tag": "{erpgaugs: 3b, es_fightaugs: [-10b, -10b, -10b], HideFlags: 2, esitem:malaeus_tidebender, es6ticking:armor, es_majoraug: \"malaeus\", display: {Lore: ['{\"text\":\"\"}', '{\"italic\":false,\"color\":\"gray\",\"text\":\"When on Head:\"}', '{\"italic\":false,\"color\":\"red\",\"text\":\"-7.5% Speed\"}', '{\"italic\":false,\"color\":\"blue\",\"text\":\"+2 Armor\"}', '{\"italic\":false,\"color\":\"blue\",\"text\":\"+4 Armor Toughness\"}', '{\"italic\":true,\"color\":\"gray\",\"text\":\"Minor Augment:\"}', '{\"italic\":true,\"color\":\"aqua\",\"text\":\" +3 Armor\"}', '{\"italic\":true,\"color\":\"aqua\",\"text\":\" +2.25 Armor Toughness\"}', '{\"italic\":true,\"color\":\"aqua\",\"text\":\" -10% All Damage Stats\"}', '{\"italic\":true,\"color\":\"gray\",\"text\":\"Minor Augment:\"}', '{\"italic\":true,\"color\":\"aqua\",\"text\":\" +2 Armor\"}', '{\"italic\":true,\"color\":\"aqua\",\"text\":\" +2.25 Armor Toughness\"}', '{\"italic\":true,\"color\":\"aqua\",\"text\":\" -0.025 Movement Speed\"}', '{\"italic\":true,\"color\":\"gray\",\"text\":\"Major Augment:\"}', '{\"italic\":true,\"color\":\"aqua\",\"text\":\" Malaeus Tidebender\"}', '{\"italic\":true,\"color\":\"aqua\",\"text\":\"   Villager librarians\"}', '{\"italic\":true,\"color\":\"aqua\",\"text\":\"   tell legends about another\"}', '{\"italic\":true,\"color\":\"aqua\",\"text\":\"   reality, championed in by\"}', '{\"italic\":true,\"color\":\"aqua\",\"text\":\"   the figure \\'Malaeus\\'.\"}']}, Enchantments: [{lvl: 1s, id: \"minecraft:aqua_affinity\"}], Damage: 0, AttributeModifiers: [{Amount: 2.0d, Slot: \"head\", AttributeName: \"minecraft:generic.armor\", Operation: 0, UUID: [I; -1051367890, 902319159, -1461081910, 767466166], Name: \"2\"}, {Amount: 4.0d, Slot: \"head\", AttributeName: \"minecraft:generic.armor_toughness\", Operation: 0, UUID: [I; 125377216, 1326401771, -1926200952, -1365346183], Name: \"4\"}, {Amount: -0.07500000298023224d, Slot: \"head\", AttributeName: \"minecraft:generic.movement_speed\", Operation: 2, UUID: [I; -1741949972, 1463766666, -1433820052, -1850959196], Name: \".925\"}, {Amount: -0.10000000149011612d, Slot: \"head\", AttributeName: \"minecraft:generic.attack_damage\", Operation: 2, UUID: [I; -866154448, 1972258434, -1427551171, 185702149], Name: \"es.reflexslot\"}, {Amount: 3.0d, Slot: \"head\", AttributeName: \"minecraft:generic.armor\", Operation: 0, UUID: [I; -1976898444, 1543718425, -2027878386, 1038817455], Name: \"es.reflexslot\"}, {Amount: 2.25d, Slot: \"head\", AttributeName: \"minecraft:generic.armor_toughness\", Operation: 0, UUID: [I; -422170417, -1974910518, -1532020831, -1400952788], Name: \"es.reflexslot\"}, {Amount: -0.02500000037252903d, Slot: \"head\", AttributeName: \"minecraft:generic.movement_speed\", Operation: 0, UUID: [I; 1663297172, -1346941394, -1777405340, 1267310412], Name: \"es.reflexslot\"}, {Amount: 2.0d, Slot: \"head\", AttributeName: \"minecraft:generic.armor\", Operation: 0, UUID: [I; 406102973, -454082509, -1302348491, 897916383], Name: \"es.reflexslot\"}, {Amount: 2.25d, Slot: \"head\", AttributeName: \"minecraft:generic.armor_toughness\", Operation: 0, UUID: [I; 1048839699, 1792231452, -1476214156, 2045680879], Name: \"es.reflexslot\"}]}"
                        }
                    ]
                }
            ]
        }
    ]
}