{
    "comment": "looted from end city treasure chests",
    "pools": [
        {
            "rolls": 1,
            "entries": [
                {
                    "type": "minecraft:item",
                    "name": "minecraft:bow",
                    "functions": [
                        {
                            "function": "minecraft:set_lore",
                            "lore": [
                                {
                                    "translate": "item.essrpg.relic.phantoms_bane.lore.0"
                                },
                                {
                                    "translate": "item.essrpg.relic.phantoms_bane.lore.1"
                                },
                                {
                                    "translate": "item.essrpg.relic.phantoms_bane.lore.2"
                                },
                                {
                                    "color": "gray",
                                    "bold": true,
                                    "translate": "item.essrpg.relic.oldgen"
                                },
                                {
                                    "translate": "item.essrpg.relic.phantoms_bane.lore.3"
                                }
                            ]
                        },
                        {
                            "function": "minecraft:set_name",
                            "name": {
                                "color": "aqua",
                                "bold": true,
                                "italic": true,
                                "translate": "item.essrpg.relic.phantoms_bane"
                            }
                        },
                        {
                            "function": "minecraft:set_nbt",
                            "tag": "{esitem:phantomsbane,esitemgroup:relicwep,HideFlags:1,es.bowtag:es.relicbow,Unbreakable:1b,Enchantments:[{id:\"power\",lvl:5}]}"
                        }
                    ]
                }
            ]
        }
    ]
}