{
    "comment": "Crafted by prot-augging a cookie. If editing this item, be sure to also change the function essences:augmenttable/prot/min/cookie.",
    "pools": [
        {
            "rolls": 1,
            "entries": [
                {
                    "type": "minecraft:item",
                    "name": "minecraft:cookie",
                    "functions": [
                        {
                            "function": "minecraft:set_lore",
                            "lore": [
                                {
                                    "translate": "item.essrpg.relic.soul_sater.lore.0"
                                },
                                {
                                    "translate": "item.essrpg.relic.soul_sater.lore.1"
                                },
                                {
                                    "translate": "item.essrpg.relic.soul_sater.lore.2"
                                },
                                {
                                    "translate": "item.essrpg.relic.soul_sater.lore.3"
                                },
                                {
                                    "translate": "item.essrpg.relic.soul_sater.lore.4"
                                },
                                {
                                    "color": "gray",
                                    "bold": true,
                                    "translate": "item.essrpg.relic.oldgen"
                                },
                                {
                                    "color": "dark_gray",
                                    "bold": true,
                                    "translate": "item.essrpg.relic.soul_sater.lore.5"
                                }
                            ]
                        },
                        {
                            "function": "minecraft:set_name",
                            "name": {
                                "color": "aqua",
                                "bold": true,
                                "italic": true,
                                "translate": "item.essrpg.relic.soul_sater"
                            }
                        },
                        {
                            "function": "minecraft:set_nbt",
                            "tag": "{esitem:soul_sater,esitemgroup:relicutil,HideFlags:1,Unbreakable:1b,Enchantments:[{}]}"
                        }
                    ]
                }
            ]
        }
    ]
}