{
    "comment": "Obtained from wandering trades (random chance to be in the shop). If updating this item, also be sure to update essences:misc/wandering_trader_update!",
    "pools": [
        {
            "rolls": 1,
            "entries": [
                {
                    "type": "minecraft:item",
                    "name": "minecraft:potion",
                    "functions": [
                        {
                            "function": "minecraft:set_lore",
                            "lore": [
                                {
                                    "color": "blue",
                                    "bold": false,
                                    "italic": false,
                                    "translate": "item.essrpg.relic.steelsong_brew.lore.0"
                                },
                                {
                                    "color": "red",
                                    "bold": false,
                                    "italic": false,
                                    "translate": "item.essrpg.relic.steelsong_brew.lore.1"
                                },
                                {
                                    "translate": "item.essrpg.relic.steelsong_brew.lore.2"
                                },
                                {
                                    "translate": "item.essrpg.relic.steelsong_brew.lore.3"
                                },
                                {
                                    "translate": "item.essrpg.relic.steelsong_brew.lore.4"
                                },
                                {
                                    "translate": "item.essrpg.relic.steelsong_brew.lore.5"
                                },
                                {
                                    "translate": "item.essrpg.relic.steelsong_brew.lore.6"
                                },
                                {
                                    "translate": "item.essrpg.relic.steelsong_brew.lore.7"
                                },
                                {
                                    "color": "gray",
                                    "bold": true,
                                    "translate": "item.essrpg.relic.oldgen"
                                },
                                {
                                    "color": "dark_gray",
                                    "bold": true,
                                    "translate": "item.essrpg.relic.steelsong_brew.lore.8"
                                }
                            ]
                        },
                        {
                            "function": "minecraft:set_name",
                            "name": {
                                "color": "white",
                                "bold": true,
                                "italic": false,
                                "translate": "item.essrpg.relic.steelsong_brew"
                            }
                        },
                        {
                            "function": "minecraft:set_nbt",
                            "tag": "{esitem:steelsong_brew,esitemgroup:relicutil,HideFlags:33,Unbreakable:1b,Enchantments:[{}],Potion:\"minecraft:empty\",CustomPotionColor:16771533}"
                        }
                    ]
                }
            ]
        }
    ]
}