[
	{
		"function": "minecraft:set_nbt",
		"tag": "{AttributeModifiers:[{AttributeName:\"generic.movement_speed\",Amount:-0.125,Operation:1,Slot:mainhand,Name:\"generic.movement_speed\",UUID:[I;-122922,26484,185627,-52968]},{AttributeName:\"generic.armor\",Amount:6,Slot:mainhand,Name:\"generic.armor\",UUID:[I;-12301,23596,135728,-47192]}]}",
		"conditions": [
			{
				"condition": "entity_properties",
				"entity": "this",
				"predicate": {
					"nbt": "{SelectedItem:{id:\"minecraft:shield\",tag:{Custom:towershield}}}"
				}
			},
			{
				"condition": "entity_properties",
				"entity": "this",
				"predicate": {
					"flags": {
						"is_sprinting": false
					}
				}
			}
		]
	},
	{
		"function": "minecraft:set_nbt",
		"tag": "{AttributeModifiers:[{AttributeName:\"generic.movement_speed\",Amount:-0.125,Operation:1,Slot:mainhand,Name:\"generic.movement_speed\",UUID:[I;-122922,26484,185627,-52968]}]}",
		"conditions": [
			{
				"condition": "entity_properties",
				"entity": "this",
				"predicate": {
					"nbt": "{SelectedItem:{id:\"minecraft:shield\",tag:{Custom:towershield}}}"
				}
			},
			{
				"condition": "entity_properties",
				"entity": "this",
				"predicate": {
					"flags": {
						"is_sprinting": true
					}
				}
			}
		]
	},
	{
		"function": "minecraft:set_nbt",
		"tag": "{AttributeModifiers:[{AttributeName:\"generic.movement_speed\",Amount:-0.125,Operation:1,Slot:offhand,Name:\"generic.movement_speed\",UUID:[I;-122922,26484,185627,-52968]},{AttributeName:\"generic.armor\",Amount:6,Slot:offhand,Name:\"generic.armor\",UUID:[I;-12301,23596,135728,-47192]}]}",
		"conditions": [
			{
				"condition": "entity_properties",
				"entity": "this",
				"predicate": {
					"nbt": "{Inventory:[{Slot:-106b,id:\"minecraft:shield\",tag:{Custom:towershield}}]}"
				}
			},
			{
				"condition": "entity_properties",
				"entity": "this",
				"predicate": {
					"flags": {
						"is_sprinting": false
					}
				}
			}
		]
	},
	{
		"function": "minecraft:set_nbt",
		"tag": "{AttributeModifiers:[{AttributeName:\"generic.movement_speed\",Amount:-0.125,Operation:1,Slot:offhand,Name:\"generic.movement_speed\",UUID:[I;-122922,26484,185627,-52968]}]}",
		"conditions": [
			{
				"condition": "entity_properties",
				"entity": "this",
				"predicate": {
					"nbt": "{Inventory:[{Slot:-106b,id:\"minecraft:shield\",tag:{Custom:towershield}}]}"
				}
			},
			{
				"condition": "entity_properties",
				"entity": "this",
				"predicate": {
					"flags": {
						"is_sprinting": true
					}
				}
			}
		]
	}
]