{
    "display": {
        "icon": {
            "item": "minecraft:diamond_sword"
        },
        "title": "Well, this is new!",
        "description": "Find a new weapon",
        "frame": "task",
        "show_toast": true,
        "announce_to_chat": true,
        "hidden": false
    },
    "parent": "swordsandstrongholds:find_stronghold",
    "criteria": {
        "1": {
            "trigger": "minecraft:location",
            "conditions": {
                "player": [
                    {
                        "condition": "minecraft:entity_properties",
                        "entity": "this",
                        "predicate": {
                            "nbt": "{Inventory:[{tag:{Custom:rapier}}]}"
                        }
                    }
                ]
            }
        },
        "2": {
            "trigger": "minecraft:location",
            "conditions": {
                "player": [
                    {
                        "condition": "minecraft:entity_properties",
                        "entity": "this",
                        "predicate": {
                            "nbt": "{Inventory:[{tag:{Custom:greatsword}}]}"
                        }
                    }
                ]
            }
        },
        "3": {
            "trigger": "minecraft:location",
            "conditions": {
                "player": [
                    {
                        "condition": "minecraft:entity_properties",
                        "entity": "this",
                        "predicate": {
                            "nbt": "{Inventory:[{tag:{Custom:saber}}]}"
                        }
                    }
                ]
            }
        },
        "4": {
            "trigger": "minecraft:location",
            "conditions": {
                "player": [
                    {
                        "condition": "minecraft:entity_properties",
                        "entity": "this",
                        "predicate": {
                            "nbt": "{Inventory:[{tag:{Custom:katana}}]}"
                        }
                    }
                ]
            }
        },
        "5": {
            "trigger": "minecraft:location",
            "conditions": {
                "player": [
                    {
                        "condition": "minecraft:entity_properties",
                        "entity": "this",
                        "predicate": {
                            "nbt": "{Inventory:[{tag:{Custom:longsword}}]}"
                        }
                    }
                ]
            }
        },
        "6": {
            "trigger": "minecraft:location",
            "conditions": {
                "player": [
                    {
                        "condition": "minecraft:entity_properties",
                        "entity": "this",
                        "predicate": {
                            "nbt": "{Inventory:[{tag:{Custom:dagger}}]}"
                        }
                    }
                ]
            }
        },
        "7": {
            "trigger": "minecraft:location",
            "conditions": {
                "player": [
                    {
                        "condition": "minecraft:entity_properties",
                        "entity": "this",
                        "predicate": {
                            "nbt": "{Inventory:[{tag:{Custom:greataxe}}]}"
                        }
                    }
                ]
            }
        },
        "8": {
            "trigger": "minecraft:location",
            "conditions": {
                "player": [
                    {
                        "condition": "minecraft:entity_properties",
                        "entity": "this",
                        "predicate": {
                            "nbt": "{Inventory:[{tag:{Custom:spear}}]}"
                        }
                    }
                ]
            }
        },
        "9": {
            "trigger": "minecraft:location",
            "conditions": {
                "player": [
                    {
                        "condition": "minecraft:entity_properties",
                        "entity": "this",
                        "predicate": {
                            "nbt": "{Inventory:[{tag:{Custom:buckler}}]}"
                        }
                    }
                ]
            }
        },
        "10": {
            "trigger": "minecraft:location",
            "conditions": {
                "player": [
                    {
                        "condition": "minecraft:entity_properties",
                        "entity": "this",
                        "predicate": {
                            "nbt": "{Inventory:[{tag:{Custom:smallshield}}]}"
                        }
                    }
                ]
            }
        },
        "11": {
            "trigger": "minecraft:location",
            "conditions": {
                "player": [
                    {
                        "condition": "minecraft:entity_properties",
                        "entity": "this",
                        "predicate": {
                            "nbt": "{Inventory:[{tag:{Custom:towershield}}]}"
                        }
                    }
                ]
            }
        },
        "12": {
            "trigger": "minecraft:location",
            "conditions": {
                "player": [
                    {
                        "condition": "minecraft:entity_properties",
                        "entity": "this",
                        "predicate": {
                            "nbt": "{Inventory:[{tag:{Custom:parrying_dagger}}]}"
                        }
                    }
                ]
            }
        }
    },
    "requirements": [
        [
            "1",
            "2",
            "3",
            "4",
            "5",
            "6",
            "7",
            "8",
            "9",
            "10",
            "11",
            "12"
        ]
    ],
    "rewards": {
        "experience": 75
    }
}