{
    "display": {
        "icon": {
            "item": "minecraft:skeleton_skull"
        },
        "title": "Return to Dust!",
        "description": "Kill a skeleton you find in a sword stronghold",
        "frame": "task",
        "show_toast": true,
        "announce_to_chat": true,
        "hidden": false
    },
    "parent": "swordsandstrongholds:find_stronghold",
    "criteria": {
        "requirement": {
            "trigger": "minecraft:location",
            "conditions": {
                "player": [
                    {
                        "condition": "minecraft:entity_properties",
                        "entity": "this",
                        "predicate": {
                            "location": {
                                "structure": "swordsandstrongholds:sword_stronghold"
                            }
                        }
                    },
                    {
                        "condition": "minecraft:entity_scores",
                        "entity": "this",
                        "scores": {
                            "killed_skeleton": 1
                        }
                    }
                ]
            }
        }
    },
    "rewards": {
        "experience": 50
    }
}