{
    "pools": [
        {
            "rolls": 1,
            "entries": [
                {
                    "type": "item",
                    "name": "minecraft:player_head",
                    "weight": 1,
                    "functions": [
                        {
                            "function": "minecraft:set_nbt",
                            "tag": "{display:{Name:\"Shulker (purple)\"},SkullOwner:{Id:\"cda568d7-46da-4468-a46a-4c1ed73faf53\",Properties:{textures:[{Value:\"eyJ0ZXh0dXJlcyI6eyJTS0lOIjp7InVybCI6Imh0dHA6Ly90ZXh0dXJlcy5taW5lY3JhZnQubmV0L3RleHR1cmUvMWU3MzgzMmUyNzJmODg0NGM0NzY4NDZiYzQyNGEzNDMyZmI2OThjNThlNmVmMmE5ODcxYzdkMjlhZWVhNyJ9fX0=\"}]}}}"
                        }
                    ],

                    "quanity": 1
                }
            ]
        }
    ]
}