{
    "type": "command",
    "pools": [
        {
            "rolls": 1,
            "entries": [
                {
                    "type": "item",
                    "weight": 1,
                    "name": "minecraft:cod_spawn_egg",
                    "functions": [
                        {
                            "function": "set_count",
                            "count": 1
                        },
                        {
                            "function": "set_nbt",
                            "tag": "{CustomModelData:410001,EntityTag:{id:\"minecraft:armor_stand\",NoAI:1b,Marker:1b,NoGravity:1b,Invulnerable:1b,Invisible:1b,DisabledSlots:16191,ArmorItems:[{},{},{},{id:\"minecraft:cod_spawn_egg\",Count:1b,tag:{CustomModelData:410001}}],Tags:[\"es.augmenttable\",\"es.augmenttableprimer\",\"es.ticking_entity\",\"smithed.block\"],Rotation:[0.0f,0.0f]}}"
                        },
                        {
                            "function": "set_name",
                            "name": [
                                {
                                    "italic": false,
                                    "translate": "item.essrpg.common.augtable"
                                }
                            ]
                        },
                        {
                            "function": "set_lore",
                            "lore": [
                                {
                                    "color": "gray",
                                    "italic": false,
                                    "translate": "item.essrpg.common.augtable.lore.0"
                                },
                                {
                                    "color": "dark_gray",
                                    "bold": true,
                                    "translate": "item.essrpg.common.augtable.lore.1"
                                }
                            ]
                        }
                    ]
                }
            ]
        }
    ]
}