{
    "type": "minecraft:entity",
    "pools": [
        {
            "rolls": 1,
            "entries": [
                {
                    "type": "minecraft:item",
                    "name": "minecraft:carrot_on_a_stick",
                    "functions": [
                        {
                            "function": "minecraft:set_nbt",
                            "tag": "{Unbreakable: 1, CustomModelData: 410001, HideFlags: 5, display: {Lore: ['{\"text\":\"Siphon anger from enemies,\"}', '{\"text\":\"and release animalistic\"}', '{\"text\":\"rage.\"}'], Name: '[{\"text\":\"Rage Channeler\"}]'}, Enchantments: [{lvl: 5, id: \"sharpness\"}], Damage: 0, es.ha.m:{type:1b}}"
                        }
                    ]
                },
                {
                    "type": "minecraft:item",
                    "name": "minecraft:carrot_on_a_stick",
                    "functions": [
                        {
                            "function": "minecraft:set_nbt",
                            "tag": "{Unbreakable: 1, CustomModelData: 410002, HideFlags: 5, display: {Lore: ['{\"text\":\"Temporarily provides a safe\"}', '{\"text\":\"haven for those nearby.\"}'], Name: '[{\"text\":\"Protection Channeler\"}]'}, Enchantments: [{lvl: 5, id: \"sharpness\"}], Damage: 0, es.ha.m:{type:2b}}"
                        }
                    ]
                },
                {
                    "type": "minecraft:item",
                    "name": "minecraft:carrot_on_a_stick",
                    "functions": [
                        {
                            "function": "minecraft:set_nbt",
                            "tag": "{Unbreakable: 1, CustomModelData: 410003, HideFlags: 5, display: {Lore: ['{\"text\":\"Allows the user to escape\"}', '{\"text\":\"many situations.\"}'], Name: '[{\"text\":\"Adrenaline Channeler\"}]'}, Enchantments: [{lvl: 5, id: \"sharpness\"}], Damage: 0, es.ha.m:{type:3b}}"
                        }
                    ]
                },
                {
                    "type": "minecraft:item",
                    "name": "minecraft:carrot_on_a_stick",
                    "functions": [
                        {
                            "function": "minecraft:set_nbt",
                            "tag": "{Unbreakable: 1, CustomModelData: 410004, HideFlags: 5, display: {Lore: ['{\"text\":\"Summons fire that may be\"}', '{\"text\":\"used in many ways.\"}'], Name: '[{\"text\":\"Wisdom Channeler\"}]'}, Enchantments: [{lvl: 5, id: \"sharpness\"}], Damage: 0, es.ha.m:{type:3b}}"
                        }
                    ]
                },
                {
                    "type": "minecraft:item",
                    "name": "minecraft:carrot_on_a_stick",
                    "functions": [
                        {
                            "function": "minecraft:set_nbt",
                            "tag": "{Unbreakable: 1, CustomModelData: 410005, HideFlags: 5, display: {Lore: ['{\"text\":\"Calls upon the Ancients\\'\"}', '{\"text\":\"protection.\"}'], Name: '[{\"text\":\"Resilience Channeler\"}]'}, Enchantments: [{lvl: 5, id: \"sharpness\"}], Damage: 0, es.ha.m:{type:2b}}"
                        }
                    ]
                },
                {
                    "type": "minecraft:item",
                    "name": "minecraft:carrot_on_a_stick",
                    "functions": [
                        {
                            "function": "minecraft:set_nbt",
                            "tag": "{Unbreakable: 1, CustomModelData: 410006, HideFlags: 5, display: {Lore: ['{\"text\":\"Your gaze becomes\"}', '{\"text\":\"threatening, as do your\"}', '{\"text\":\"allies\\'.\"}'], Name: '[{\"text\":\"Perception Channeler\"}]'}, Enchantments: [{lvl: 5, id: \"sharpness\"}], Damage: 0, es.ha.m:{type:3b}}"
                        }
                    ]
                },
                {
                    "type": "minecraft:item",
                    "name": "minecraft:carrot_on_a_stick",
                    "functions": [
                        {
                            "function": "minecraft:set_nbt",
                            "tag": "{Unbreakable: 1, CustomModelData: 410007, HideFlags: 5, display: {Lore: ['{\"text\":\"Become imbued with\"}', '{\"text\":\"intoxicating strength.\"}'], Name: '[{\"text\":\"Power Channeler\"}]'}, Enchantments: [{lvl: 5, id: \"sharpness\"}], Damage: 0, es.ha.m:{type:1b}}"
                        }
                    ]
                }
            ]
        }
    ]
}