{
    "pools": [
        {
            "rolls": 1,
            "entries": [
                {
                    "type": "minecraft:item",
                    "name": "minecraft:structure_block",
                    "functions": [
                        {
                            "function": "minecraft:set_name",
                            "entity": "this",
                            "name": {
                                "color": "blue",
                                "translate": "item.essrpg.common.genericprotector"
                            }
                        },
                        {
                            "function": "minecraft:set_lore",
                            "entity": "this",
                            "lore": [
                                {
                                    "color": "dark_gray",
                                    "bold": true,
                                    "translate": "item.essrpg.common.genericprotector.lore"
                                }
                            ]
                        },
                        {
                            "function": "minecraft:set_nbt",
                            "tag": "{CustomModelData:410002,HideFlags:1,Enchantments:[{}],esitem:p_essence,esitemgroup:epdrop}"
                        }
                    ]
                }
            ]
        }
    ]
}