[
    {
      "function": "minecraft:set_lore",
      "entity": "this",
      "lore": [
        {
            "color": "gray",
            "italic": false,
            "translate": "item_mod.essrpg.vanilla.stone.sword.lore.1"
        },
        {
            "color": "dark_green",
            "italic": false,
            "translate": "item_mod.essrpg.vanilla.stone.sword.lore.2"
        },
        {
            "color": "dark_green",
            "italic": false,
            "translate": "item_mod.essrpg.vanilla.stone.sword.lore.3"
        }
      ],
      "replace": false
    }
  ]