[
    {
        "function": "minecraft:set_nbt",
        "tag": "{AttributeModifiers:[{AttributeName:\"generic.attack_damage\",Amount:5.5,Slot:mainhand,Name:\"generic.attack_damage\",UUID:[I;-12271,7208,121624,-14416]},{AttributeName:\"generic.attack_speed\",Amount:-2.56,Slot:mainhand,Name:\"generic.attack_speed\",UUID:[I;-12271,7408,121624,-14816]}]}",
        "conditions": [
            {
                "condition": "minecraft:entity_scores",
                "entity": "this",
                "scores": {
                    "longsword_armor": {
                        "min": 0,
                        "max": 119
                    }
                }
            },
            {
                "condition": "minecraft:entity_properties",
                "entity": "this",
                "predicate": {
                    "nbt": "{SelectedItem:{id:\"minecraft:iron_sword\"},Inventory:[{Slot:-106b}]}"
                }
            },
            {
                "condition": "minecraft:inverted",
                "term": {
                    "condition": "minecraft:entity_properties",
                    "entity": "this",
                    "predicate": {
                        "nbt": "{Inventory:[{Slot:-106b,tag:{Custom:buckler}}]}"
                    }
                }
            },
            {
                "condition": "minecraft:inverted",
                "term": {
                    "condition": "minecraft:entity_properties",
                    "entity": "this",
                    "predicate": {
                        "nbt": "{Inventory:[{Slot:-106b,tag:{Custom:smallshield}}]}"
                    }
                }
            }
        ]
    },
    {
        "function": "minecraft:set_nbt",
        "tag": "{AttributeModifiers:[{AttributeName:\"generic.attack_damage\",Amount:5.5,Slot:mainhand,Name:\"generic.attack_damage\",UUID:[I;-12271,7208,121624,-14416]},{AttributeName:\"generic.attack_speed\",Amount:-2.457142857,Slot:mainhand,Name:\"generic.attack_speed\",UUID:[I;-12271,7408,121624,-14816]}]}",
        "conditions": [
            {
                "condition": "minecraft:entity_scores",
                "entity": "this",
                "scores": {
                    "longsword_armor": {
                        "min": 0,
                        "max": 119
                    }
                }
            },
            {
                "condition": "minecraft:entity_properties",
                "entity": "this",
                "predicate": {
                    "nbt": "{SelectedItem:{id:\"minecraft:iron_sword\"}}"
                }
            },
            {
                "condition": "minecraft:alternative",
                "terms": [
                    {
                        "condition": "minecraft:entity_properties",
                        "entity": "this",
                        "predicate": {
                            "nbt": "{Inventory:[{Slot:-106b,tag:{Custom:buckler}}]}"
                        }
                    },
                    {
                        "condition": "minecraft:entity_properties",
                        "entity": "this",
                        "predicate": {
                            "nbt": "{Inventory:[{Slot:-106b,tag:{Custom:smallshield}}]}"
                        }
                    }
                ]
            }
        ]
    },
    {
        "function": "minecraft:set_nbt",
        "tag": "{AttributeModifiers:[{AttributeName:\"generic.attack_damage\",Amount:5.5,Slot:mainhand,Name:\"generic.attack_damage\",UUID:[I;-12271,7208,121624,-14416]},{AttributeName:\"generic.attack_speed\",Amount:-2.338461538,Slot:mainhand,Name:\"generic.attack_speed\",UUID:[I;-12271,7408,121624,-14816]}]}",
        "conditions": [
            {
                "condition": "minecraft:entity_scores",
                "entity": "this",
                "scores": {
                    "longsword_armor": {
                        "min": 0,
                        "max": 119
                    }
                }
            },
            {
                "condition": "minecraft:entity_properties",
                "entity": "this",
                "predicate": {
                    "nbt": "{SelectedItem:{id:\"minecraft:iron_sword\"}}"
                }
            },
            {
                "condition": "minecraft:inverted",
                "term": {
                    "condition": "minecraft:entity_properties",
                    "entity": "this",
                    "predicate": {
                        "nbt": "{Inventory:[{Slot:-106b}]}"
                    }
                }
            }
        ]
    },
    {
        "function": "minecraft:set_nbt",
        "tag": "{AttributeModifiers:[{AttributeName:\"generic.attack_damage\",Amount:5.5,Slot:mainhand,Name:\"generic.attack_damage\",UUID:[I;-12271,7208,121624,-14416]},{AttributeName:\"generic.attack_speed\",Amount:-2.56,Slot:mainhand,Name:\"generic.attack_speed\",UUID:[I;-12271,7408,121624,-14816]},{AttributeName:\"generic.armor\",Amount:2,Slot:mainhand,Name:\"generic.armor\",UUID:[I;-12301,23596,135728,-47192]}]}",
        "conditions": [
            {
                "condition": "minecraft:entity_scores",
                "entity": "this",
                "scores": {
                    "longsword_armor": {
                        "min": 120,
                        "max": 179
                    }
                }
            },
            {
                "condition": "minecraft:entity_properties",
                "entity": "this",
                "predicate": {
                    "nbt": "{SelectedItem:{id:\"minecraft:iron_sword\"},Inventory:[{Slot:-106b}]}"
                }
            },
            {
                "condition": "minecraft:inverted",
                "term": {
                    "condition": "minecraft:entity_properties",
                    "entity": "this",
                    "predicate": {
                        "nbt": "{Inventory:[{Slot:-106b,tag:{Custom:buckler}}]}"
                    }
                }
            },
            {
                "condition": "minecraft:inverted",
                "term": {
                    "condition": "minecraft:entity_properties",
                    "entity": "this",
                    "predicate": {
                        "nbt": "{Inventory:[{Slot:-106b,tag:{Custom:smallshield}}]}"
                    }
                }
            }
        ]
    },
    {
        "function": "minecraft:set_nbt",
        "tag": "{AttributeModifiers:[{AttributeName:\"generic.attack_damage\",Amount:5.5,Slot:mainhand,Name:\"generic.attack_damage\",UUID:[I;-12271,7208,121624,-14416]},{AttributeName:\"generic.attack_speed\",Amount:-2.457142857,Slot:mainhand,Name:\"generic.attack_speed\",UUID:[I;-12271,7408,121624,-14816]},{AttributeName:\"generic.armor\",Amount:2,Slot:mainhand,Name:\"generic.armor\",UUID:[I;-12301,23596,135728,-47192]}]}",
        "conditions": [
            {
                "condition": "minecraft:entity_scores",
                "entity": "this",
                "scores": {
                    "longsword_armor": {
                        "min": 120,
                        "max": 179
                    }
                }
            },
            {
                "condition": "minecraft:entity_properties",
                "entity": "this",
                "predicate": {
                    "nbt": "{SelectedItem:{id:\"minecraft:iron_sword\"}}"
                }
            },
            {
                "condition": "minecraft:alternative",
                "terms": [
                    {
                        "condition": "minecraft:entity_properties",
                        "entity": "this",
                        "predicate": {
                            "nbt": "{Inventory:[{Slot:-106b,tag:{Custom:buckler}}]}"
                        }
                    },
                    {
                        "condition": "minecraft:entity_properties",
                        "entity": "this",
                        "predicate": {
                            "nbt": "{Inventory:[{Slot:-106b,tag:{Custom:smallshield}}]}"
                        }
                    }
                ]
            }
        ]
    },
    {
        "function": "minecraft:set_nbt",
        "tag": "{AttributeModifiers:[{AttributeName:\"generic.attack_damage\",Amount:5.5,Slot:mainhand,Name:\"generic.attack_damage\",UUID:[I;-12271,7208,121624,-14416]},{AttributeName:\"generic.attack_speed\",Amount:-2.338461538,Slot:mainhand,Name:\"generic.attack_speed\",UUID:[I;-12271,7408,121624,-14816]},{AttributeName:\"generic.armor\",Amount:2,Slot:mainhand,Name:\"generic.armor\",UUID:[I;-12301,23596,135728,-47192]}]}",
        "conditions": [
            {
                "condition": "minecraft:entity_scores",
                "entity": "this",
                "scores": {
                    "longsword_armor": {
                        "min": 120,
                        "max": 179
                    }
                }
            },
            {
                "condition": "minecraft:entity_properties",
                "entity": "this",
                "predicate": {
                    "nbt": "{SelectedItem:{id:\"minecraft:iron_sword\"}}"
                }
            },
            {
                "condition": "minecraft:inverted",
                "term": {
                    "condition": "minecraft:entity_properties",
                    "entity": "this",
                    "predicate": {
                        "nbt": "{Inventory:[{Slot:-106b}]}"
                    }
                }
            }
        ]
    },
    {
        "function": "minecraft:set_nbt",
        "tag": "{AttributeModifiers:[{AttributeName:\"generic.attack_damage\",Amount:5.5,Slot:mainhand,Name:\"generic.attack_damage\",UUID:[I;-12271,7208,121624,-14416]},{AttributeName:\"generic.attack_speed\",Amount:-2.56,Slot:mainhand,Name:\"generic.attack_speed\",UUID:[I;-12271,7408,121624,-14816]},{AttributeName:\"generic.armor\",Amount:4,Slot:mainhand,Name:\"generic.armor\",UUID:[I;-12301,23596,135728,-47192]}]}",
        "conditions": [
            {
                "condition": "minecraft:entity_scores",
                "entity": "this",
                "scores": {
                    "longsword_armor": {
                        "min": 180,
                        "max": 239
                    }
                }
            },
            {
                "condition": "minecraft:entity_properties",
                "entity": "this",
                "predicate": {
                    "nbt": "{SelectedItem:{id:\"minecraft:iron_sword\"},Inventory:[{Slot:-106b}]}"
                }
            },
            {
                "condition": "minecraft:inverted",
                "term": {
                    "condition": "minecraft:entity_properties",
                    "entity": "this",
                    "predicate": {
                        "nbt": "{Inventory:[{Slot:-106b,tag:{Custom:buckler}}]}"
                    }
                }
            },
            {
                "condition": "minecraft:inverted",
                "term": {
                    "condition": "minecraft:entity_properties",
                    "entity": "this",
                    "predicate": {
                        "nbt": "{Inventory:[{Slot:-106b,tag:{Custom:smallshield}}]}"
                    }
                }
            }
        ]
    },
    {
        "function": "minecraft:set_nbt",
        "tag": "{AttributeModifiers:[{AttributeName:\"generic.attack_damage\",Amount:5.5,Slot:mainhand,Name:\"generic.attack_damage\",UUID:[I;-12271,7208,121624,-14416]},{AttributeName:\"generic.attack_speed\",Amount:-2.457142857,Slot:mainhand,Name:\"generic.attack_speed\",UUID:[I;-12271,7408,121624,-14816]},{AttributeName:\"generic.armor\",Amount:4,Slot:mainhand,Name:\"generic.armor\",UUID:[I;-12301,23596,135728,-47192]}]}",
        "conditions": [
            {
                "condition": "minecraft:entity_scores",
                "entity": "this",
                "scores": {
                    "longsword_armor": {
                        "min": 180,
                        "max": 239
                    }
                }
            },
            {
                "condition": "minecraft:entity_properties",
                "entity": "this",
                "predicate": {
                    "nbt": "{SelectedItem:{id:\"minecraft:iron_sword\"}}"
                }
            },
            {
                "condition": "minecraft:alternative",
                "terms": [
                    {
                        "condition": "minecraft:entity_properties",
                        "entity": "this",
                        "predicate": {
                            "nbt": "{Inventory:[{Slot:-106b,tag:{Custom:buckler}}]}"
                        }
                    },
                    {
                        "condition": "minecraft:entity_properties",
                        "entity": "this",
                        "predicate": {
                            "nbt": "{Inventory:[{Slot:-106b,tag:{Custom:smallshield}}]}"
                        }
                    }
                ]
            }
        ]
    },
    {
        "function": "minecraft:set_nbt",
        "tag": "{AttributeModifiers:[{AttributeName:\"generic.attack_damage\",Amount:5.5,Slot:mainhand,Name:\"generic.attack_damage\",UUID:[I;-12271,7208,121624,-14416]},{AttributeName:\"generic.attack_speed\",Amount:-2.338461538,Slot:mainhand,Name:\"generic.attack_speed\",UUID:[I;-12271,7408,121624,-14816]},{AttributeName:\"generic.armor\",Amount:4,Slot:mainhand,Name:\"generic.armor\",UUID:[I;-12301,23596,135728,-47192]}]}",
        "conditions": [
            {
                "condition": "minecraft:entity_scores",
                "entity": "this",
                "scores": {
                    "longsword_armor": {
                        "min": 180,
                        "max": 239
                    }
                }
            },
            {
                "condition": "minecraft:entity_properties",
                "entity": "this",
                "predicate": {
                    "nbt": "{SelectedItem:{id:\"minecraft:iron_sword\"}}"
                }
            },
            {
                "condition": "minecraft:inverted",
                "term": {
                    "condition": "minecraft:entity_properties",
                    "entity": "this",
                    "predicate": {
                        "nbt": "{Inventory:[{Slot:-106b}]}"
                    }
                }
            }
        ]
    },
    {
        "function": "minecraft:set_nbt",
        "tag": "{AttributeModifiers:[{AttributeName:\"generic.attack_damage\",Amount:5.5,Slot:mainhand,Name:\"generic.attack_damage\",UUID:[I;-12271,7208,121624,-14416]},{AttributeName:\"generic.attack_speed\",Amount:-2.56,Slot:mainhand,Name:\"generic.attack_speed\",UUID:[I;-12271,7408,121624,-14816]},{AttributeName:\"generic.armor\",Amount:6,Slot:mainhand,Name:\"generic.armor\",UUID:[I;-12301,23596,135728,-47192]}]}",
        "conditions": [
            {
                "condition": "minecraft:entity_scores",
                "entity": "this",
                "scores": {
                    "longsword_armor": {
                        "min": 240,
                        "max": 280
                    }
                }
            },
            {
                "condition": "minecraft:entity_properties",
                "entity": "this",
                "predicate": {
                    "nbt": "{SelectedItem:{id:\"minecraft:iron_sword\"},Inventory:[{Slot:-106b}]}"
                }
            },
            {
                "condition": "minecraft:inverted",
                "term": {
                    "condition": "minecraft:entity_properties",
                    "entity": "this",
                    "predicate": {
                        "nbt": "{Inventory:[{Slot:-106b,tag:{Custom:buckler}}]}"
                    }
                }
            },
            {
                "condition": "minecraft:inverted",
                "term": {
                    "condition": "minecraft:entity_properties",
                    "entity": "this",
                    "predicate": {
                        "nbt": "{Inventory:[{Slot:-106b,tag:{Custom:smallshield}}]}"
                    }
                }
            }
        ]
    },
    {
        "function": "minecraft:set_nbt",
        "tag": "{AttributeModifiers:[{AttributeName:\"generic.attack_damage\",Amount:5.5,Slot:mainhand,Name:\"generic.attack_damage\",UUID:[I;-12271,7208,121624,-14416]},{AttributeName:\"generic.attack_speed\",Amount:-2.457142857,Slot:mainhand,Name:\"generic.attack_speed\",UUID:[I;-12271,7408,121624,-14816]},{AttributeName:\"generic.armor\",Amount:6,Slot:mainhand,Name:\"generic.armor\",UUID:[I;-12301,23596,135728,-47192]}]}",
        "conditions": [
            {
                "condition": "minecraft:entity_scores",
                "entity": "this",
                "scores": {
                    "longsword_armor": {
                        "min": 240,
                        "max": 280
                    }
                }
            },
            {
                "condition": "minecraft:entity_properties",
                "entity": "this",
                "predicate": {
                    "nbt": "{SelectedItem:{id:\"minecraft:iron_sword\"}}"
                }
            },
            {
                "condition": "minecraft:alternative",
                "terms": [
                    {
                        "condition": "minecraft:entity_properties",
                        "entity": "this",
                        "predicate": {
                            "nbt": "{Inventory:[{Slot:-106b,tag:{Custom:buckler}}]}"
                        }
                    },
                    {
                        "condition": "minecraft:entity_properties",
                        "entity": "this",
                        "predicate": {
                            "nbt": "{Inventory:[{Slot:-106b,tag:{Custom:smallshield}}]}"
                        }
                    }
                ]
            }
        ]
    },
    {
        "function": "minecraft:set_nbt",
        "tag": "{AttributeModifiers:[{AttributeName:\"generic.attack_damage\",Amount:5.5,Slot:mainhand,Name:\"generic.attack_damage\",UUID:[I;-12271,7208,121624,-14416]},{AttributeName:\"generic.attack_speed\",Amount:-2.338461538,Slot:mainhand,Name:\"generic.attack_speed\",UUID:[I;-12271,7408,121624,-14816]},{AttributeName:\"generic.armor\",Amount:6,Slot:mainhand,Name:\"generic.armor\",UUID:[I;-12301,23596,135728,-47192]}]}",
        "conditions": [
            {
                "condition": "minecraft:entity_scores",
                "entity": "this",
                "scores": {
                    "longsword_armor": {
                        "min": 240,
                        "max": 280
                    }
                }
            },
            {
                "condition": "minecraft:entity_properties",
                "entity": "this",
                "predicate": {
                    "nbt": "{SelectedItem:{id:\"minecraft:iron_sword\"}}"
                }
            },
            {
                "condition": "minecraft:inverted",
                "term": {
                    "condition": "minecraft:entity_properties",
                    "entity": "this",
                    "predicate": {
                        "nbt": "{Inventory:[{Slot:-106b}]}"
                    }
                }
            }
        ]
    },

















    {
        "function": "minecraft:set_nbt",
        "tag": "{AttributeModifiers:[{AttributeName:\"generic.attack_damage\",Amount:6.5,Slot:mainhand,Name:\"generic.attack_damage\",UUID:[I;-12271,7208,121624,-14416]},{AttributeName:\"generic.attack_speed\",Amount:-2.814814815,Slot:mainhand,Name:\"generic.attack_speed\",UUID:[I;-12271,7408,121624,-14816]}]}",
        "conditions": [
            {
                "condition": "minecraft:entity_scores",
                "entity": "this",
                "scores": {
                    "longsword_armor": {
                        "min": 0,
                        "max": 119
                    }
                }
            },
            {
                "condition": "minecraft:entity_properties",
                "entity": "this",
                "predicate": {
                    "nbt": "{SelectedItem:{id:\"minecraft:diamond_sword\"},Inventory:[{Slot:-106b}]}"
                }
            },
            {
                "condition": "minecraft:inverted",
                "term": {
                    "condition": "minecraft:entity_properties",
                    "entity": "this",
                    "predicate": {
                        "nbt": "{Inventory:[{Slot:-106b,tag:{Custom:buckler}}]}"
                    }
                }
            },
            {
                "condition": "minecraft:inverted",
                "term": {
                    "condition": "minecraft:entity_properties",
                    "entity": "this",
                    "predicate": {
                        "nbt": "{Inventory:[{Slot:-106b,tag:{Custom:smallshield}}]}"
                    }
                }
            }
        ]
    },
    {
        "function": "minecraft:set_nbt",
        "tag": "{AttributeModifiers:[{AttributeName:\"generic.attack_damage\",Amount:6.5,Slot:mainhand,Name:\"generic.attack_damage\",UUID:[I;-12271,7208,121624,-14416]},{AttributeName:\"generic.attack_speed\",Amount:-2.778625954,Slot:mainhand,Name:\"generic.attack_speed\",UUID:[I;-12271,7408,121624,-14816]}]}",
        "conditions": [
            {
                "condition": "minecraft:entity_scores",
                "entity": "this",
                "scores": {
                    "longsword_armor": {
                        "min": 0,
                        "max": 119
                    }
                }
            },
            {
                "condition": "minecraft:entity_properties",
                "entity": "this",
                "predicate": {
                    "nbt": "{SelectedItem:{id:\"minecraft:diamond_sword\"}}"
                }
            },
            {
                "condition": "minecraft:alternative",
                "terms": [
                    {
                        "condition": "minecraft:entity_properties",
                        "entity": "this",
                        "predicate": {
                            "nbt": "{Inventory:[{Slot:-106b,tag:{Custom:buckler}}]}"
                        }
                    },
                    {
                        "condition": "minecraft:entity_properties",
                        "entity": "this",
                        "predicate": {
                            "nbt": "{Inventory:[{Slot:-106b,tag:{Custom:smallshield}}]}"
                        }
                    }
                ]
            }
        ]
    },
    {
        "function": "minecraft:set_nbt",
        "tag": "{AttributeModifiers:[{AttributeName:\"generic.attack_damage\",Amount:6.5,Slot:mainhand,Name:\"generic.attack_damage\",UUID:[I;-12271,7208,121624,-14416]},{AttributeName:\"generic.attack_speed\",Amount:-2.74015748,Slot:mainhand,Name:\"generic.attack_speed\",UUID:[I;-12271,7408,121624,-14816]}]}",
        "conditions": [
            {
                "condition": "minecraft:entity_scores",
                "entity": "this",
                "scores": {
                    "longsword_armor": {
                        "min": 0,
                        "max": 119
                    }
                }
            },
            {
                "condition": "minecraft:entity_properties",
                "entity": "this",
                "predicate": {
                    "nbt": "{SelectedItem:{id:\"minecraft:diamond_sword\"}}"
                }
            },
            {
                "condition": "minecraft:inverted",
                "term": {
                    "condition": "minecraft:entity_properties",
                    "entity": "this",
                    "predicate": {
                        "nbt": "{Inventory:[{Slot:-106b}]}"
                    }
                }
            }
        ]
    },
    {
        "function": "minecraft:set_nbt",
        "tag": "{AttributeModifiers:[{AttributeName:\"generic.attack_damage\",Amount:6.5,Slot:mainhand,Name:\"generic.attack_damage\",UUID:[I;-12271,7208,121624,-14416]},{AttributeName:\"generic.attack_speed\",Amount:-2.814814815,Slot:mainhand,Name:\"generic.attack_speed\",UUID:[I;-12271,7408,121624,-14816]},{AttributeName:\"generic.armor\",Amount:2,Slot:mainhand,Name:\"generic.armor\",UUID:[I;-12301,23596,135728,-47192]}]}",
        "conditions": [
            {
                "condition": "minecraft:entity_scores",
                "entity": "this",
                "scores": {
                    "longsword_armor": {
                        "min": 120,
                        "max": 179
                    }
                }
            },
            {
                "condition": "minecraft:entity_properties",
                "entity": "this",
                "predicate": {
                    "nbt": "{SelectedItem:{id:\"minecraft:diamond_sword\"},Inventory:[{Slot:-106b}]}"
                }
            },
            {
                "condition": "minecraft:inverted",
                "term": {
                    "condition": "minecraft:entity_properties",
                    "entity": "this",
                    "predicate": {
                        "nbt": "{Inventory:[{Slot:-106b,tag:{Custom:buckler}}]}"
                    }
                }
            },
            {
                "condition": "minecraft:inverted",
                "term": {
                    "condition": "minecraft:entity_properties",
                    "entity": "this",
                    "predicate": {
                        "nbt": "{Inventory:[{Slot:-106b,tag:{Custom:smallshield}}]}"
                    }
                }
            }
        ]
    },
    {
        "function": "minecraft:set_nbt",
        "tag": "{AttributeModifiers:[{AttributeName:\"generic.attack_damage\",Amount:6.5,Slot:mainhand,Name:\"generic.attack_damage\",UUID:[I;-12271,7208,121624,-14416]},{AttributeName:\"generic.attack_speed\",Amount:-2.778625954,Slot:mainhand,Name:\"generic.attack_speed\",UUID:[I;-12271,7408,121624,-14816]},{AttributeName:\"generic.armor\",Amount:2,Slot:mainhand,Name:\"generic.armor\",UUID:[I;-12301,23596,135728,-47192]}]}",
        "conditions": [
            {
                "condition": "minecraft:entity_scores",
                "entity": "this",
                "scores": {
                    "longsword_armor": {
                        "min": 120,
                        "max": 179
                    }
                }
            },
            {
                "condition": "minecraft:entity_properties",
                "entity": "this",
                "predicate": {
                    "nbt": "{SelectedItem:{id:\"minecraft:diamond_sword\"}}"
                }
            },
            {
                "condition": "minecraft:alternative",
                "terms": [
                    {
                        "condition": "minecraft:entity_properties",
                        "entity": "this",
                        "predicate": {
                            "nbt": "{Inventory:[{Slot:-106b,tag:{Custom:buckler}}]}"
                        }
                    },
                    {
                        "condition": "minecraft:entity_properties",
                        "entity": "this",
                        "predicate": {
                            "nbt": "{Inventory:[{Slot:-106b,tag:{Custom:smallshield}}]}"
                        }
                    }
                ]
            }
        ]
    },
    {
        "function": "minecraft:set_nbt",
        "tag": "{AttributeModifiers:[{AttributeName:\"generic.attack_damage\",Amount:6.5,Slot:mainhand,Name:\"generic.attack_damage\",UUID:[I;-12271,7208,121624,-14416]},{AttributeName:\"generic.attack_speed\",Amount:-2.74015748,Slot:mainhand,Name:\"generic.attack_speed\",UUID:[I;-12271,7408,121624,-14816]},{AttributeName:\"generic.armor\",Amount:2,Slot:mainhand,Name:\"generic.armor\",UUID:[I;-12301,23596,135728,-47192]}]}",
        "conditions": [
            {
                "condition": "minecraft:entity_scores",
                "entity": "this",
                "scores": {
                    "longsword_armor": {
                        "min": 120,
                        "max": 179
                    }
                }
            },
            {
                "condition": "minecraft:entity_properties",
                "entity": "this",
                "predicate": {
                    "nbt": "{SelectedItem:{id:\"minecraft:diamond_sword\"}}"
                }
            },
            {
                "condition": "minecraft:inverted",
                "term": {
                    "condition": "minecraft:entity_properties",
                    "entity": "this",
                    "predicate": {
                        "nbt": "{Inventory:[{Slot:-106b}]}"
                    }
                }
            }
        ]
    },
    {
        "function": "minecraft:set_nbt",
        "tag": "{AttributeModifiers:[{AttributeName:\"generic.attack_damage\",Amount:6.5,Slot:mainhand,Name:\"generic.attack_damage\",UUID:[I;-12271,7208,121624,-14416]},{AttributeName:\"generic.attack_speed\",Amount:-2.814814815,Slot:mainhand,Name:\"generic.attack_speed\",UUID:[I;-12271,7408,121624,-14816]},{AttributeName:\"generic.armor\",Amount:4,Slot:mainhand,Name:\"generic.armor\",UUID:[I;-12301,23596,135728,-47192]}]}",
        "conditions": [
            {
                "condition": "minecraft:entity_scores",
                "entity": "this",
                "scores": {
                    "longsword_armor": {
                        "min": 180,
                        "max": 239
                    }
                }
            },
            {
                "condition": "minecraft:entity_properties",
                "entity": "this",
                "predicate": {
                    "nbt": "{SelectedItem:{id:\"minecraft:diamond_sword\"},Inventory:[{Slot:-106b}]}"
                }
            },
            {
                "condition": "minecraft:inverted",
                "term": {
                    "condition": "minecraft:entity_properties",
                    "entity": "this",
                    "predicate": {
                        "nbt": "{Inventory:[{Slot:-106b,tag:{Custom:buckler}}]}"
                    }
                }
            },
            {
                "condition": "minecraft:inverted",
                "term": {
                    "condition": "minecraft:entity_properties",
                    "entity": "this",
                    "predicate": {
                        "nbt": "{Inventory:[{Slot:-106b,tag:{Custom:smallshield}}]}"
                    }
                }
            }
        ]
    },
    {
        "function": "minecraft:set_nbt",
        "tag": "{AttributeModifiers:[{AttributeName:\"generic.attack_damage\",Amount:6.5,Slot:mainhand,Name:\"generic.attack_damage\",UUID:[I;-12271,7208,121624,-14416]},{AttributeName:\"generic.attack_speed\",Amount:-2.778625954,Slot:mainhand,Name:\"generic.attack_speed\",UUID:[I;-12271,7408,121624,-14816]},{AttributeName:\"generic.armor\",Amount:4,Slot:mainhand,Name:\"generic.armor\",UUID:[I;-12301,23596,135728,-47192]}]}",
        "conditions": [
            {
                "condition": "minecraft:entity_scores",
                "entity": "this",
                "scores": {
                    "longsword_armor": {
                        "min": 180,
                        "max": 239
                    }
                }
            },
            {
                "condition": "minecraft:entity_properties",
                "entity": "this",
                "predicate": {
                    "nbt": "{SelectedItem:{id:\"minecraft:diamond_sword\"}}"
                }
            },
            {
                "condition": "minecraft:alternative",
                "terms": [
                    {
                        "condition": "minecraft:entity_properties",
                        "entity": "this",
                        "predicate": {
                            "nbt": "{Inventory:[{Slot:-106b,tag:{Custom:buckler}}]}"
                        }
                    },
                    {
                        "condition": "minecraft:entity_properties",
                        "entity": "this",
                        "predicate": {
                            "nbt": "{Inventory:[{Slot:-106b,tag:{Custom:smallshield}}]}"
                        }
                    }
                ]
            }
        ]
    },
    {
        "function": "minecraft:set_nbt",
        "tag": "{AttributeModifiers:[{AttributeName:\"generic.attack_damage\",Amount:6.5,Slot:mainhand,Name:\"generic.attack_damage\",UUID:[I;-12271,7208,121624,-14416]},{AttributeName:\"generic.attack_speed\",Amount:-2.74015748,Slot:mainhand,Name:\"generic.attack_speed\",UUID:[I;-12271,7408,121624,-14816]},{AttributeName:\"generic.armor\",Amount:4,Slot:mainhand,Name:\"generic.armor\",UUID:[I;-12301,23596,135728,-47192]}]}",
        "conditions": [
            {
                "condition": "minecraft:entity_scores",
                "entity": "this",
                "scores": {
                    "longsword_armor": {
                        "min": 180,
                        "max": 239
                    }
                }
            },
            {
                "condition": "minecraft:entity_properties",
                "entity": "this",
                "predicate": {
                    "nbt": "{SelectedItem:{id:\"minecraft:diamond_sword\"}}"
                }
            },
            {
                "condition": "minecraft:inverted",
                "term": {
                    "condition": "minecraft:entity_properties",
                    "entity": "this",
                    "predicate": {
                        "nbt": "{Inventory:[{Slot:-106b}]}"
                    }
                }
            }
        ]
    },
    {
        "function": "minecraft:set_nbt",
        "tag": "{AttributeModifiers:[{AttributeName:\"generic.attack_damage\",Amount:6.5,Slot:mainhand,Name:\"generic.attack_damage\",UUID:[I;-12271,7208,121624,-14416]},{AttributeName:\"generic.attack_speed\",Amount:-2.814814815,Slot:mainhand,Name:\"generic.attack_speed\",UUID:[I;-12271,7408,121624,-14816]},{AttributeName:\"generic.armor\",Amount:6,Slot:mainhand,Name:\"generic.armor\",UUID:[I;-12301,23596,135728,-47192]}]}",
        "conditions": [
            {
                "condition": "minecraft:entity_scores",
                "entity": "this",
                "scores": {
                    "longsword_armor": {
                        "min": 240,
                        "max": 280
                    }
                }
            },
            {
                "condition": "minecraft:entity_properties",
                "entity": "this",
                "predicate": {
                    "nbt": "{SelectedItem:{id:\"minecraft:diamond_sword\"},Inventory:[{Slot:-106b}]}"
                }
            },
            {
                "condition": "minecraft:inverted",
                "term": {
                    "condition": "minecraft:entity_properties",
                    "entity": "this",
                    "predicate": {
                        "nbt": "{Inventory:[{Slot:-106b,tag:{Custom:buckler}}]}"
                    }
                }
            },
            {
                "condition": "minecraft:inverted",
                "term": {
                    "condition": "minecraft:entity_properties",
                    "entity": "this",
                    "predicate": {
                        "nbt": "{Inventory:[{Slot:-106b,tag:{Custom:smallshield}}]}"
                    }
                }
            }
        ]
    },
    {
        "function": "minecraft:set_nbt",
        "tag": "{AttributeModifiers:[{AttributeName:\"generic.attack_damage\",Amount:6.5,Slot:mainhand,Name:\"generic.attack_damage\",UUID:[I;-12271,7208,121624,-14416]},{AttributeName:\"generic.attack_speed\",Amount:-2.778625954,Slot:mainhand,Name:\"generic.attack_speed\",UUID:[I;-12271,7408,121624,-14816]},{AttributeName:\"generic.armor\",Amount:6,Slot:mainhand,Name:\"generic.armor\",UUID:[I;-12301,23596,135728,-47192]}]}",
        "conditions": [
            {
                "condition": "minecraft:entity_scores",
                "entity": "this",
                "scores": {
                    "longsword_armor": {
                        "min": 240,
                        "max": 280
                    }
                }
            },
            {
                "condition": "minecraft:entity_properties",
                "entity": "this",
                "predicate": {
                    "nbt": "{SelectedItem:{id:\"minecraft:diamond_sword\"}}"
                }
            },
            {
                "condition": "minecraft:alternative",
                "terms": [
                    {
                        "condition": "minecraft:entity_properties",
                        "entity": "this",
                        "predicate": {
                            "nbt": "{Inventory:[{Slot:-106b,tag:{Custom:buckler}}]}"
                        }
                    },
                    {
                        "condition": "minecraft:entity_properties",
                        "entity": "this",
                        "predicate": {
                            "nbt": "{Inventory:[{Slot:-106b,tag:{Custom:smallshield}}]}"
                        }
                    }
                ]
            }
        ]
    },
    {
        "function": "minecraft:set_nbt",
        "tag": "{AttributeModifiers:[{AttributeName:\"generic.attack_damage\",Amount:6.5,Slot:mainhand,Name:\"generic.attack_damage\",UUID:[I;-12271,7208,121624,-14416]},{AttributeName:\"generic.attack_speed\",Amount:-2.74015748,Slot:mainhand,Name:\"generic.attack_speed\",UUID:[I;-12271,7408,121624,-14816]},{AttributeName:\"generic.armor\",Amount:6,Slot:mainhand,Name:\"generic.armor\",UUID:[I;-12301,23596,135728,-47192]}]}",
        "conditions": [
            {
                "condition": "minecraft:entity_scores",
                "entity": "this",
                "scores": {
                    "longsword_armor": {
                        "min": 240,
                        "max": 280
                    }
                }
            },
            {
                "condition": "minecraft:entity_properties",
                "entity": "this",
                "predicate": {
                    "nbt": "{SelectedItem:{id:\"minecraft:diamond_sword\"}}"
                }
            },
            {
                "condition": "minecraft:inverted",
                "term": {
                    "condition": "minecraft:entity_properties",
                    "entity": "this",
                    "predicate": {
                        "nbt": "{Inventory:[{Slot:-106b}]}"
                    }
                }
            }
        ]
    },

















    {
        "function": "minecraft:set_nbt",
        "tag": "{AttributeModifiers:[{AttributeName:\"generic.attack_damage\",Amount:7.5,Slot:mainhand,Name:\"generic.attack_damage\",UUID:[I;-12271,7208,121624,-14416]},{AttributeName:\"generic.attack_speed\",Amount:-2.770860927,Slot:mainhand,Name:\"generic.attack_speed\",UUID:[I;-12271,7408,121624,-14816]}]}",
        "conditions": [
            {
                "condition": "minecraft:entity_scores",
                "entity": "this",
                "scores": {
                    "longsword_armor": {
                        "min": 0,
                        "max": 119
                    }
                }
            },
            {
                "condition": "minecraft:entity_properties",
                "entity": "this",
                "predicate": {
                    "nbt": "{SelectedItem:{id:\"minecraft:netherite_sword\"},Inventory:[{Slot:-106b}]}"
                }
            },
            {
                "condition": "minecraft:inverted",
                "term": {
                    "condition": "minecraft:entity_properties",
                    "entity": "this",
                    "predicate": {
                        "nbt": "{Inventory:[{Slot:-106b,tag:{Custom:buckler}}]}"
                    }
                }
            },
            {
                "condition": "minecraft:inverted",
                "term": {
                    "condition": "minecraft:entity_properties",
                    "entity": "this",
                    "predicate": {
                        "nbt": "{Inventory:[{Slot:-106b,tag:{Custom:smallshield}}]}"
                    }
                }
            }
        ]
    },
    {
        "function": "minecraft:set_nbt",
        "tag": "{AttributeModifiers:[{AttributeName:\"generic.attack_damage\",Amount:7.5,Slot:mainhand,Name:\"generic.attack_damage\",UUID:[I;-12271,7208,121624,-14416]},{AttributeName:\"generic.attack_speed\",Amount:-2.737414966,Slot:mainhand,Name:\"generic.attack_speed\",UUID:[I;-12271,7408,121624,-14816]}]}",
        "conditions": [
            {
                "condition": "minecraft:entity_scores",
                "entity": "this",
                "scores": {
                    "longsword_armor": {
                        "min": 0,
                        "max": 119
                    }
                }
            },
            {
                "condition": "minecraft:entity_properties",
                "entity": "this",
                "predicate": {
                    "nbt": "{SelectedItem:{id:\"minecraft:netherite_sword\"}}"
                }
            },
            {
                "condition": "minecraft:alternative",
                "terms": [
                    {
                        "condition": "minecraft:entity_properties",
                        "entity": "this",
                        "predicate": {
                            "nbt": "{Inventory:[{Slot:-106b,tag:{Custom:buckler}}]}"
                        }
                    },
                    {
                        "condition": "minecraft:entity_properties",
                        "entity": "this",
                        "predicate": {
                            "nbt": "{Inventory:[{Slot:-106b,tag:{Custom:smallshield}}]}"
                        }
                    }
                ]
            }
        ]
    },
    {
        "function": "minecraft:set_nbt",
        "tag": "{AttributeModifiers:[{AttributeName:\"generic.attack_damage\",Amount:7.5,Slot:mainhand,Name:\"generic.attack_damage\",UUID:[I;-12271,7208,121624,-14416]},{AttributeName:\"generic.attack_speed\",Amount:-2.702097902,Slot:mainhand,Name:\"generic.attack_speed\",UUID:[I;-12271,7408,121624,-14816]}]}",
        "conditions": [
            {
                "condition": "minecraft:entity_scores",
                "entity": "this",
                "scores": {
                    "longsword_armor": {
                        "min": 0,
                        "max": 119
                    }
                }
            },
            {
                "condition": "minecraft:entity_properties",
                "entity": "this",
                "predicate": {
                    "nbt": "{SelectedItem:{id:\"minecraft:netherite_sword\"}}"
                }
            },
            {
                "condition": "minecraft:inverted",
                "term": {
                    "condition": "minecraft:entity_properties",
                    "entity": "this",
                    "predicate": {
                        "nbt": "{Inventory:[{Slot:-106b}]}"
                    }
                }
            }
        ]
    },
    {
        "function": "minecraft:set_nbt",
        "tag": "{AttributeModifiers:[{AttributeName:\"generic.attack_damage\",Amount:7.5,Slot:mainhand,Name:\"generic.attack_damage\",UUID:[I;-12271,7208,121624,-14416]},{AttributeName:\"generic.attack_speed\",Amount:-2.770860927,Slot:mainhand,Name:\"generic.attack_speed\",UUID:[I;-12271,7408,121624,-14816]},{AttributeName:\"generic.armor\",Amount:2,Slot:mainhand,Name:\"generic.armor\",UUID:[I;-12301,23596,135728,-47192]}]}",
        "conditions": [
            {
                "condition": "minecraft:entity_scores",
                "entity": "this",
                "scores": {
                    "longsword_armor": {
                        "min": 120,
                        "max": 179
                    }
                }
            },
            {
                "condition": "minecraft:entity_properties",
                "entity": "this",
                "predicate": {
                    "nbt": "{SelectedItem:{id:\"minecraft:netherite_sword\"},Inventory:[{Slot:-106b}]}"
                }
            },
            {
                "condition": "minecraft:inverted",
                "term": {
                    "condition": "minecraft:entity_properties",
                    "entity": "this",
                    "predicate": {
                        "nbt": "{Inventory:[{Slot:-106b,tag:{Custom:buckler}}]}"
                    }
                }
            },
            {
                "condition": "minecraft:inverted",
                "term": {
                    "condition": "minecraft:entity_properties",
                    "entity": "this",
                    "predicate": {
                        "nbt": "{Inventory:[{Slot:-106b,tag:{Custom:smallshield}}]}"
                    }
                }
            }
        ]
    },
    {
        "function": "minecraft:set_nbt",
        "tag": "{AttributeModifiers:[{AttributeName:\"generic.attack_damage\",Amount:7.5,Slot:mainhand,Name:\"generic.attack_damage\",UUID:[I;-12271,7208,121624,-14416]},{AttributeName:\"generic.attack_speed\",Amount:-2.737414966,Slot:mainhand,Name:\"generic.attack_speed\",UUID:[I;-12271,7408,121624,-14816]},{AttributeName:\"generic.armor\",Amount:2,Slot:mainhand,Name:\"generic.armor\",UUID:[I;-12301,23596,135728,-47192]}]}",
        "conditions": [
            {
                "condition": "minecraft:entity_scores",
                "entity": "this",
                "scores": {
                    "longsword_armor": {
                        "min": 120,
                        "max": 179
                    }
                }
            },
            {
                "condition": "minecraft:entity_properties",
                "entity": "this",
                "predicate": {
                    "nbt": "{SelectedItem:{id:\"minecraft:netherite_sword\"}}"
                }
            },
            {
                "condition": "minecraft:alternative",
                "terms": [
                    {
                        "condition": "minecraft:entity_properties",
                        "entity": "this",
                        "predicate": {
                            "nbt": "{Inventory:[{Slot:-106b,tag:{Custom:buckler}}]}"
                        }
                    },
                    {
                        "condition": "minecraft:entity_properties",
                        "entity": "this",
                        "predicate": {
                            "nbt": "{Inventory:[{Slot:-106b,tag:{Custom:smallshield}}]}"
                        }
                    }
                ]
            }
        ]
    },
    {
        "function": "minecraft:set_nbt",
        "tag": "{AttributeModifiers:[{AttributeName:\"generic.attack_damage\",Amount:7.5,Slot:mainhand,Name:\"generic.attack_damage\",UUID:[I;-12271,7208,121624,-14416]},{AttributeName:\"generic.attack_speed\",Amount:-2.702097902,Slot:mainhand,Name:\"generic.attack_speed\",UUID:[I;-12271,7408,121624,-14816]},{AttributeName:\"generic.armor\",Amount:2,Slot:mainhand,Name:\"generic.armor\",UUID:[I;-12301,23596,135728,-47192]}]}",
        "conditions": [
            {
                "condition": "minecraft:entity_scores",
                "entity": "this",
                "scores": {
                    "longsword_armor": {
                        "min": 120,
                        "max": 179
                    }
                }
            },
            {
                "condition": "minecraft:entity_properties",
                "entity": "this",
                "predicate": {
                    "nbt": "{SelectedItem:{id:\"minecraft:netherite_sword\"}}"
                }
            },
            {
                "condition": "minecraft:inverted",
                "term": {
                    "condition": "minecraft:entity_properties",
                    "entity": "this",
                    "predicate": {
                        "nbt": "{Inventory:[{Slot:-106b}]}"
                    }
                }
            }
        ]
    },
    {
        "function": "minecraft:set_nbt",
        "tag": "{AttributeModifiers:[{AttributeName:\"generic.attack_damage\",Amount:7.5,Slot:mainhand,Name:\"generic.attack_damage\",UUID:[I;-12271,7208,121624,-14416]},{AttributeName:\"generic.attack_speed\",Amount:-2.770860927,Slot:mainhand,Name:\"generic.attack_speed\",UUID:[I;-12271,7408,121624,-14816]},{AttributeName:\"generic.armor\",Amount:4,Slot:mainhand,Name:\"generic.armor\",UUID:[I;-12301,23596,135728,-47192]}]}",
        "conditions": [
            {
                "condition": "minecraft:entity_scores",
                "entity": "this",
                "scores": {
                    "longsword_armor": {
                        "min": 180,
                        "max": 239
                    }
                }
            },
            {
                "condition": "minecraft:entity_properties",
                "entity": "this",
                "predicate": {
                    "nbt": "{SelectedItem:{id:\"minecraft:netherite_sword\"},Inventory:[{Slot:-106b}]}"
                }
            },
            {
                "condition": "minecraft:inverted",
                "term": {
                    "condition": "minecraft:entity_properties",
                    "entity": "this",
                    "predicate": {
                        "nbt": "{Inventory:[{Slot:-106b,tag:{Custom:buckler}}]}"
                    }
                }
            },
            {
                "condition": "minecraft:inverted",
                "term": {
                    "condition": "minecraft:entity_properties",
                    "entity": "this",
                    "predicate": {
                        "nbt": "{Inventory:[{Slot:-106b,tag:{Custom:smallshield}}]}"
                    }
                }
            }
        ]
    },
    {
        "function": "minecraft:set_nbt",
        "tag": "{AttributeModifiers:[{AttributeName:\"generic.attack_damage\",Amount:7.5,Slot:mainhand,Name:\"generic.attack_damage\",UUID:[I;-12271,7208,121624,-14416]},{AttributeName:\"generic.attack_speed\",Amount:-2.737414966,Slot:mainhand,Name:\"generic.attack_speed\",UUID:[I;-12271,7408,121624,-14816]},{AttributeName:\"generic.armor\",Amount:4,Slot:mainhand,Name:\"generic.armor\",UUID:[I;-12301,23596,135728,-47192]}]}",
        "conditions": [
            {
                "condition": "minecraft:entity_scores",
                "entity": "this",
                "scores": {
                    "longsword_armor": {
                        "min": 180,
                        "max": 239
                    }
                }
            },
            {
                "condition": "minecraft:entity_properties",
                "entity": "this",
                "predicate": {
                    "nbt": "{SelectedItem:{id:\"minecraft:netherite_sword\"}}"
                }
            },
            {
                "condition": "minecraft:alternative",
                "terms": [
                    {
                        "condition": "minecraft:entity_properties",
                        "entity": "this",
                        "predicate": {
                            "nbt": "{Inventory:[{Slot:-106b,tag:{Custom:buckler}}]}"
                        }
                    },
                    {
                        "condition": "minecraft:entity_properties",
                        "entity": "this",
                        "predicate": {
                            "nbt": "{Inventory:[{Slot:-106b,tag:{Custom:smallshield}}]}"
                        }
                    }
                ]
            }
        ]
    },
    {
        "function": "minecraft:set_nbt",
        "tag": "{AttributeModifiers:[{AttributeName:\"generic.attack_damage\",Amount:7.5,Slot:mainhand,Name:\"generic.attack_damage\",UUID:[I;-12271,7208,121624,-14416]},{AttributeName:\"generic.attack_speed\",Amount:-2.702097902,Slot:mainhand,Name:\"generic.attack_speed\",UUID:[I;-12271,7408,121624,-14816]},{AttributeName:\"generic.armor\",Amount:4,Slot:mainhand,Name:\"generic.armor\",UUID:[I;-12301,23596,135728,-47192]}]}",
        "conditions": [
            {
                "condition": "minecraft:entity_scores",
                "entity": "this",
                "scores": {
                    "longsword_armor": {
                        "min": 180,
                        "max": 239
                    }
                }
            },
            {
                "condition": "minecraft:entity_properties",
                "entity": "this",
                "predicate": {
                    "nbt": "{SelectedItem:{id:\"minecraft:netherite_sword\"}}"
                }
            },
            {
                "condition": "minecraft:inverted",
                "term": {
                    "condition": "minecraft:entity_properties",
                    "entity": "this",
                    "predicate": {
                        "nbt": "{Inventory:[{Slot:-106b}]}"
                    }
                }
            }
        ]
    },
    {
        "function": "minecraft:set_nbt",
        "tag": "{AttributeModifiers:[{AttributeName:\"generic.attack_damage\",Amount:7.5,Slot:mainhand,Name:\"generic.attack_damage\",UUID:[I;-12271,7208,121624,-14416]},{AttributeName:\"generic.attack_speed\",Amount:-2.770860927,Slot:mainhand,Name:\"generic.attack_speed\",UUID:[I;-12271,7408,121624,-14816]},{AttributeName:\"generic.armor\",Amount:6,Slot:mainhand,Name:\"generic.armor\",UUID:[I;-12301,23596,135728,-47192]}]}",
        "conditions": [
            {
                "condition": "minecraft:entity_scores",
                "entity": "this",
                "scores": {
                    "longsword_armor": {
                        "min": 240,
                        "max": 280
                    }
                }
            },
            {
                "condition": "minecraft:entity_properties",
                "entity": "this",
                "predicate": {
                    "nbt": "{SelectedItem:{id:\"minecraft:netherite_sword\"},Inventory:[{Slot:-106b}]}"
                }
            },
            {
                "condition": "minecraft:inverted",
                "term": {
                    "condition": "minecraft:entity_properties",
                    "entity": "this",
                    "predicate": {
                        "nbt": "{Inventory:[{Slot:-106b,tag:{Custom:buckler}}]}"
                    }
                }
            },
            {
                "condition": "minecraft:inverted",
                "term": {
                    "condition": "minecraft:entity_properties",
                    "entity": "this",
                    "predicate": {
                        "nbt": "{Inventory:[{Slot:-106b,tag:{Custom:smallshield}}]}"
                    }
                }
            }
        ]
    },
    {
        "function": "minecraft:set_nbt",
        "tag": "{AttributeModifiers:[{AttributeName:\"generic.attack_damage\",Amount:7.5,Slot:mainhand,Name:\"generic.attack_damage\",UUID:[I;-12271,7208,121624,-14416]},{AttributeName:\"generic.attack_speed\",Amount:-2.737414966,Slot:mainhand,Name:\"generic.attack_speed\",UUID:[I;-12271,7408,121624,-14816]},{AttributeName:\"generic.armor\",Amount:6,Slot:mainhand,Name:\"generic.armor\",UUID:[I;-12301,23596,135728,-47192]}]}",
        "conditions": [
            {
                "condition": "minecraft:entity_scores",
                "entity": "this",
                "scores": {
                    "longsword_armor": {
                        "min": 240,
                        "max": 280
                    }
                }
            },
            {
                "condition": "minecraft:entity_properties",
                "entity": "this",
                "predicate": {
                    "nbt": "{SelectedItem:{id:\"minecraft:netherite_sword\"}}"
                }
            },
            {
                "condition": "minecraft:alternative",
                "terms": [
                    {
                        "condition": "minecraft:entity_properties",
                        "entity": "this",
                        "predicate": {
                            "nbt": "{Inventory:[{Slot:-106b,tag:{Custom:buckler}}]}"
                        }
                    },
                    {
                        "condition": "minecraft:entity_properties",
                        "entity": "this",
                        "predicate": {
                            "nbt": "{Inventory:[{Slot:-106b,tag:{Custom:smallshield}}]}"
                        }
                    }
                ]
            }
        ]
    },
    {
        "function": "minecraft:set_nbt",
        "tag": "{AttributeModifiers:[{AttributeName:\"generic.attack_damage\",Amount:7.5,Slot:mainhand,Name:\"generic.attack_damage\",UUID:[I;-12271,7208,121624,-14416]},{AttributeName:\"generic.attack_speed\",Amount:-2.702097902,Slot:mainhand,Name:\"generic.attack_speed\",UUID:[I;-12271,7408,121624,-14816]},{AttributeName:\"generic.armor\",Amount:6,Slot:mainhand,Name:\"generic.armor\",UUID:[I;-12301,23596,135728,-47192]}]}",
        "conditions": [
            {
                "condition": "minecraft:entity_scores",
                "entity": "this",
                "scores": {
                    "longsword_armor": {
                        "min": 240,
                        "max": 280
                    }
                }
            },
            {
                "condition": "minecraft:entity_properties",
                "entity": "this",
                "predicate": {
                    "nbt": "{SelectedItem:{id:\"minecraft:netherite_sword\"}}"
                }
            },
            {
                "condition": "minecraft:inverted",
                "term": {
                    "condition": "minecraft:entity_properties",
                    "entity": "this",
                    "predicate": {
                        "nbt": "{Inventory:[{Slot:-106b}]}"
                    }
                }
            }
        ]
    }
]