[
    {
        "function": "minecraft:set_attributes",
        "modifiers": [
            {
                "attribute": "minecraft:generic.attack_speed",
                "name": "1.1",
                "amount": -2.9,
                "operation": "addition",
                "slot": "mainhand"
            },
            {
                "attribute": "minecraft:generic.attack_damage",
                "name": "9",
                "amount": 8,
                "operation": "addition",
                "slot": "mainhand"
            }
        ]
    },
    {
        "function": "minecraft:set_nbt",
        "tag": "{HideFlags:2}"
    },
    {
        "function": "minecraft:set_lore",
        "entity": "this",
        "lore": [
            {
                "translate": "item_mod.essrpg.vanilla.special.trident.lore.0"
            },
            {
                "color": "gray",
                "italic": false,
                "translate": "item_mod.essrpg.vanilla.special.trident.lore.1"
            },
            {
                "color": "dark_green",
                "italic": false,
                "translate": "item_mod.essrpg.vanilla.special.trident.lore.2"
            },
            {
                "color": "dark_green",
                "italic": false,
                "translate": "item_mod.essrpg.vanilla.special.trident.lore.3"
            }
        ]
    }
]