[
    {
        "function": "minecraft:set_attributes",
        "modifiers": [
            {
                "attribute": "minecraft:generic.armor",
                "name": "2",
                "amount": 2,
                "operation": "addition",
                "slot": "head"
            },
            {
                "attribute": "minecraft:generic.armor_toughness",
                "name": "4",
                "amount": 4,
                "operation": "addition",
                "slot": "head"
            },
            {
                "attribute": "minecraft:generic.movement_speed",
                "name": ".925",
                "amount": -0.075,
                "operation": "multiply_total",
                "slot": "head"
            }
        ]
    },
    {
        "function": "minecraft:set_nbt",
        "tag": "{HideFlags:2}"
    },
    {
        "function": "minecraft:set_lore",
        "entity": "this",
        "lore": [
            {
                "translate": "item_mod.essrpg.vanilla.special.turtle_helmet.lore.0"
            },
            {
                "color": "gray",
                "italic": false,
                "translate": "item_mod.essrpg.vanilla.special.turtle_helmet.lore.1"
            },
            {
                "color": "red",
                "italic": false,
                "translate": "item_mod.essrpg.vanilla.special.turtle_helmet.lore.2"
            },
            {
                "color": "blue",
                "italic": false,
                "translate": "item_mod.essrpg.vanilla.special.turtle_helmet.lore.3"
            },
            {
                "color": "blue",
                "italic": false,
                "translate": "item_mod.essrpg.vanilla.special.turtle_helmet.lore.4"
            }
        ]
    }
]