{
    "pools": [
        {
            "rolls": 1,
            "entries": [
                {
                    "type": "item",
                    "name": "minecraft:player_head",
                    "weight": 1,
                    "functions": [
                        {
                            "function": "minecraft:set_nbt",
                            "tag": "{display:{Name:\"Vindicator\"},SkullOwner:{Id:\"98f19bf0-2ba9-45f8-a89b-c0f4243909f9\",Properties:{textures:[{Value:\"eyJ0ZXh0dXJlcyI6eyJTS0lOIjp7InVybCI6Imh0dHA6Ly90ZXh0dXJlcy5taW5lY3JhZnQubmV0L3RleHR1cmUvNmRlYWVjMzQ0YWIwOTViNDhjZWFkNzUyN2Y3ZGVlNjFiMDYzZmY3OTFmNzZhOGZhNzY2NDJjODY3NmUyMTczIn19fQ==\"}]}}}"
                        }
                    ],

                    "conditions": [
                        {
                            "condition": "minecraft:random_chance_with_looting",
                            "chance": 0.025,
                            "looting_multiplier": 0.01
                        }
                    ],
                    "quanity": 1
                }
            ]
        }
    ]
}