{
    "condition": "alternative",
    "terms": [
        {
            "condition": "entity_properties",
            "entity": "this",
            "predicate": {
                "nbt": "{SelectedItem:{tag:{Custom:sword_stronghold_compass,CustomModelData:10001}}}"
            }
        },
        {
            "condition": "entity_properties",
            "entity": "this",
            "predicate": {
                "nbt": "{Inventory:[{Slot:-106b,tag:{Custom:sword_stronghold_compass,CustomModelData:10001}}]}"
            }
        }
    ]
}