{
    "condition": "alternative",
    "terms": [
        {
            "condition": "entity_properties",
            "entity": "this",
            "predicate": {
                "nbt": "{Inventory:[{Slot:0b,tag:{Custom:sword_stronghold_compass,CustomModelData:10001}}]}"
            }
        },{
            "condition": "entity_properties",
            "entity": "this",
            "predicate": {
                "nbt": "{Inventory:[{Slot:1b,tag:{Custom:sword_stronghold_compass,CustomModelData:10001}}]}"
            }
        },{
            "condition": "entity_properties",
            "entity": "this",
            "predicate": {
                "nbt": "{Inventory:[{Slot:2b,tag:{Custom:sword_stronghold_compass,CustomModelData:10001}}]}"
            }
        },{
            "condition": "entity_properties",
            "entity": "this",
            "predicate": {
                "nbt": "{Inventory:[{Slot:3b,tag:{Custom:sword_stronghold_compass,CustomModelData:10001}}]}"
            }
        },{
            "condition": "entity_properties",
            "entity": "this",
            "predicate": {
                "nbt": "{Inventory:[{Slot:4b,tag:{Custom:sword_stronghold_compass,CustomModelData:10001}}]}"
            }
        },{
            "condition": "entity_properties",
            "entity": "this",
            "predicate": {
                "nbt": "{Inventory:[{Slot:5b,tag:{Custom:sword_stronghold_compass,CustomModelData:10001}}]}"
            }
        },{
            "condition": "entity_properties",
            "entity": "this",
            "predicate": {
                "nbt": "{Inventory:[{Slot:6b,tag:{Custom:sword_stronghold_compass,CustomModelData:10001}}]}"
            }
        },{
            "condition": "entity_properties",
            "entity": "this",
            "predicate": {
                "nbt": "{Inventory:[{Slot:7b,tag:{Custom:sword_stronghold_compass,CustomModelData:10001}}]}"
            }
        },{
            "condition": "entity_properties",
            "entity": "this",
            "predicate": {
                "nbt": "{Inventory:[{Slot:8b,tag:{Custom:sword_stronghold_compass,CustomModelData:10001}}]}"
            }
        }
    ]
}