{
    "comment": "dropped by zpiglins - requires luck",
    "pools": [
        {
            "rolls": 1,
            "entries": [
                {
                    "type": "minecraft:item",
                    "name": "minecraft:potion",
                    "functions": [
                        {
                            "function": "minecraft:set_nbt",
                            "tag": "{esitem:ptfluid,es6ticking:mh,esitemgroup:relicutil,CustomModelData:410001,CustomPotionEffects:[{Id:22,Amplifier:4,Duration:6000}]}"
                        },
                        {
                            "function": "minecraft:set_name",
                            "name": {
                                "color": "purple",
                                "bold": true,
                                "italic": false,
                                "translate": "item.essrpg.relic.transmutation_fluid.perfect"
                            },
                            "entity": "this"
                        },
                        {
                            "function": "minecraft:set_lore",
                            "lore": [
                                {
                                    "translate": "item.essrpg.relic.transmutation_fluid.perfect.lore.0"
                                },
                                {
                                    "translate": "item.essrpg.relic.transmutation_fluid.perfect.lore.1"
                                },
                                {
                                    "translate": "item.essrpg.relic.transmutation_fluid.perfect.lore.2"
                                },
                                {
                                    "translate": "item.essrpg.relic.transmutation_fluid.perfect.lore.3"
                                },
                                {
                                    "translate": "item.essrpg.relic.transmutation_fluid.perfect.lore.4"
                                },
                                {
                                    "translate": "item.essrpg.relic.transmutation_fluid.perfect.lore.5"
                                },
                                {
                                    "translate": "item.essrpg.relic.transmutation_fluid.perfect.lore.6"
                                },
                                {
                                    "color": "gray",
                                    "bold": true,
                                    "translate": "item.essrpg.relic.oldgen"
                                },
                                {
                                    "color": "dark_gray",
                                    "bold": true,
                                    "translate": "item.essrpg.relic.transmutation_fluid.perfect.lore.7"
                                }
                            ],
                            "entity": "this"
                        }
                    ]
                }
            ]
        }
    ]
}