{
    "comment": "dropped by zpiglins - unlucky",
    "pools": [
        {
            "rolls": 1,
            "bonus_rolls": 0,
            "entries": [
                {
                    "type": "minecraft:item",
                    "name": "minecraft:potion",
                    "functions": [
                        {
                            "function": "minecraft:set_nbt",
                            "tag": "{esitem:vtfluid,es6ticking:mh,esitemgroup:relicutil,CustomModelData:410002,CustomPotionEffects:[{Id:2,Amplifier:3,Duration:1500},{Id:11,Amplifier:1,Duration:1500}]}"
                        },
                        {
                            "function": "minecraft:set_name",
                            "name": {
                                "color": "red",
                                "bold": true,
                                "italic": false,
                                "translate": "item.essrpg.relic.transmutation_fluid.vile"
                            },
                            "entity": "this"
                        },
                        {
                            "function": "minecraft:set_lore",
                            "lore": [
                                {
                                    "translate": "item.essrpg.relic.transmutation_fluid.vile.lore.0"
                                },
                                {
                                    "translate": "item.essrpg.relic.transmutation_fluid.vile.lore.1"
                                },
                                {
                                    "translate": "item.essrpg.relic.transmutation_fluid.vile.lore.2"
                                },
                                {
                                    "translate": "item.essrpg.relic.transmutation_fluid.vile.lore.3"
                                },
                                {
                                    "translate": "item.essrpg.relic.transmutation_fluid.vile.lore.4"
                                },
                                {
                                    "color": "gray",
                                    "bold": true,
                                    "translate": "item.essrpg.relic.oldgen"
                                },
                                {
                                    "color": "dark_gray",
                                    "bold": true,
                                    "translate": "item.essrpg.relic.transmutation_fluid.vile.lore.5"
                                }
                            ],
                            "entity": "this"
                        }
                    ]
                }
            ]
        }
    ]
}