{
    "pools": [
        {
            "rolls": 1,
            "entries": [
                {
                    "type": "item",
                    "name": "minecraft:iron_nugget",
                    "weight": 1,
                    "conditions": [
                        {
                            "condition": "minecraft:random_chance",
                            "chance": 0.0025
                        }
                    ],
                    "quanity": 1
                },


                {
                    "type": "item",
                    "name": "minecraft:gold_nugget",
                    "weight": 1,
                    "conditions": [
                        {
                            "condition": "minecraft:random_chance",
                            "chance": 0.0025
                        }
                    ],
                    "quanity": 1
                },


                {
                    "type": "item",
                    "name": "minecraft:raw_iron",
                    "weight": 1,
                    "conditions": [
                        {
                            "condition": "minecraft:random_chance",
                            "chance": 0.0025
                        }
                    ],
                    "quanity": 1
                },


                {
                    "type": "item",
                    "name": "minecraft:raw_gold",
                    "weight": 1,
                    "conditions": [
                        {
                            "condition": "minecraft:random_chance",
                            "chance": 0.0025
                        }
                    ],
                    "quanity": 1
                },


                {
                    "type": "item",
                    "name": "minecraft:raw_copper",
                    "weight": 1,
                    "conditions": [
                        {
                            "condition": "minecraft:random_chance",
                            "chance": 0.0025
                        }
                    ],
                    "quanity": 1
                },


                {
                    "type": "item",
                    "name": "minecraft:amethyst_shard",
                    "weight": 1,
                    "conditions": [
                        {
                            "condition": "minecraft:random_chance",
                            "chance": 0.0025
                        }
                    ],
                    "quanity": 1
                }
            ]
        }
    ]
}