{
    "pools": [
        {
            "rolls": 1,
            "entries": [
                {
                    "type": "item",
                    "name": "minecraft:player_head",
                    "weight": 1,
                    "functions": [
                        {
                            "function": "minecraft:set_nbt",
                            "tag": "{display:{Name:\"Wither\"},SkullOwner:{Id:\"119c371b-ea16-47c9-ad7f-23b3d894520a\",Properties:{textures:[{Value:\"eyJ0ZXh0dXJlcyI6eyJTS0lOIjp7InVybCI6Imh0dHA6Ly90ZXh0dXJlcy5taW5lY3JhZnQubmV0L3RleHR1cmUvY2RmNzRlMzIzZWQ0MTQzNjk2NWY1YzU3ZGRmMjgxNWQ1MzMyZmU5OTllNjhmYmI5ZDZjZjVjOGJkNDEzOWYifX19\"}]}}}"
                        }
                    ],

                   "conditions": [
                        {
                            "condition": "minecraft:random_chance_with_looting",
                            "chance": 0.025,
                            "looting_multiplier": 0.01
                        }
                    ],
                    "quanity": 1
                }
            ]
        }
    ]
}