{
    "comment": "dropped by vindicators",
    "pools": [
        {
            "rolls": {
                "min": 1,
                "max": 1
            },
            "entries": [
                {
                    "type": "minecraft:item",
                    "name": "minecraft:bow",
                    "functions": [
                        {
                            "function": "minecraft:set_name",
                            "name": {
                                "color": "gold",
                                "italic": true,
                                "translate": "item.essrpg.relic.swarmers.vindicus"
                            },
                            "entity": "this"
                        },
                        {
                            "function": "minecraft:set_lore",
                            "lore": [
                                {
                                    "translate": "item.essrpg.relic.swarmers.vindicus.lore.0"
                                },
                                {
                                    "translate": "item.essrpg.relic.swarmers.vindicus.lore.1"
                                },
                                {
                                    "translate": "item.essrpg.relic.swarmers.vindicus.lore.2"
                                },
                                {
                                    "translate": "item.essrpg.relic.swarmers.vindicus.lore.3"
                                },
                                {
                                    "translate": "item.essrpg.relic.swarmers.vindicus.lore.4"
                                },
                                {
                                    "color": "gray",
                                    "bold": true,
                                    "translate": "item.essrpg.relic.oldgen"
                                },
                                {
                                    "color": "dark_gray",
                                    "bold": true,
                                    "translate": "item.essrpg.relic.swarmers.vindicus.lore.5"
                                }
                            ],
                            "entity": "this"
                        },
                        {
                            "function": "minecraft:set_nbt",
                            "tag": "{esitem:vindicusswarmer,esitemgroup:relicwep,es.bowtag:es.relicbow,Unbreakable:1}"
                        }
                    ]
                }
            ]
        }
    ]
}