{
    "pools": [
        {
            "rolls": 1,
            "entries": [
                {
                    "type": "item",
                    "name": "minecraft:player_head",
                    "weight": 1,
                    "functions": [
                        {
                            "function": "minecraft:set_nbt",
                            "tag": "{display:{Name:\"Spider\"},SkullOwner:{Id:\"8bdb71d0-4724-48b2-9344-e79480424798\",Properties:{textures:[{Value:\"eyJ0ZXh0dXJlcyI6eyJTS0lOIjp7InVybCI6Imh0dHA6Ly90ZXh0dXJlcy5taW5lY3JhZnQubmV0L3RleHR1cmUvY2Q1NDE1NDFkYWFmZjUwODk2Y2QyNThiZGJkZDRjZjgwYzNiYTgxNjczNTcyNjA3OGJmZTM5MzkyN2U1N2YxIn19fQ==\"}]}}}"
                        }
                    ],

                    "conditions": [
                        {
                            "condition": "minecraft:random_chance_with_looting",
                            "chance": 0.025,
                            "looting_multiplier": 0.01
                        }
                    ],
                    "quanity": 1
                }
            ]
        }
    ]
}