{
    "pools": [
        {
            "rolls": 1,
            "entries": [
                {
                    "type": "item",
                    "name": "minecraft:player_head",
                    "weight": 1,
                    "functions": [
                        {
                            "function": "minecraft:set_nbt",
                            "tag": "{display:{Name:\"Stray\"},SkullOwner:{Id:\"644c9bad-958b-43ce-9d2f-199d85be607c\",Properties:{textures:[{Value:\"eyJ0ZXh0dXJlcyI6eyJTS0lOIjp7InVybCI6Imh0dHA6Ly90ZXh0dXJlcy5taW5lY3JhZnQubmV0L3RleHR1cmUvNzhkZGY3NmU1NTVkZDVjNGFhOGEwYTVmYzU4NDUyMGNkNjNkNDg5YzI1M2RlOTY5ZjdmMjJmODVhOWEyZDU2In19fQ==\"}]}}}"
                        }
                    ],

                    "conditions": [
                        {
                            "condition": "minecraft:random_chance_with_looting",
                            "chance": 0.025,
                            "looting_multiplier": 0.01
                        }
                    ],
                    "quanity": 1
                }
            ]
        }
    ]
}