{
    "pools": [
        {
            "rolls": 1,
            "entries": [
                {
                    "type": "item",
                    "name": "minecraft:zombie_head",
                    "weight": 1,
                    "conditions": [
                        {
                            "condition": "minecraft:random_chance_with_looting",
                            "chance": 0.025,
                            "looting_multiplier": 0.01
                        }
                    ],
                    "quanity": 1
                }
            ]
        }
    ]
}