{
    "pools": [
      {
        "rolls": 1,
        "entries": [
          {
            "type": "minecraft:item",
            "name": "minecraft:carrot_on_a_stick",
            "functions": [
              {
                "function": "minecraft:set_attributes",
                "modifiers": [
                  {
                    "attribute": "minecraft:generic.attack_speed",
                    "name": "generic.attack_speed",
                    "amount": -3,
                    "operation": "addition",
                    "slot": "mainhand"
                  },
                  {
                    "attribute": "minecraft:generic.attack_damage",
                    "name": "generic.attack_damage",
                    "amount": 10,
                    "operation": "addition",
                    "slot": "mainhand"
                  }
                ]
              },
              {
                "function": "minecraft:set_name",
                "entity": "this",
                "name": {
                  "translate": "item.essrpg.relic.newhof",
                  "bold": true,
                  "italic": false
                }
              },
              {
                "function": "minecraft:set_nbt",
                "tag": "{esitem:newhof,esitemgroup:newreliccoas,CustomModelData:410044,Enchantments:[{lvl:1s,id:\"minecraft:fire_aspect\"}],HideFlags:3,es.ha.melee:1b,es_fightaugs:[0b,0b,0b]}"
              }
            ]
          }
        ]
      }
    ]
  }